smiles,qm_homo_monomer,qm_lumo_monomer
*CC*,-12.03727174,3.128816904
*C(C*)C,-11.57686478,3.039961247
*C(C*)CC,-11.42390789,2.987134632
*C(C*)CCC,-11.22720085,3.05291719
*C(C*)C(C)C,-11.17103386,2.957730423
*C(C*)CCCC,-11.03805724,3.044147826
*C(C*)CC(C)C,-11.040807,2.980871171
*C(C*)CCCCC,-10.89562794,3.031210522
*C(C*)CCC(CC)C,-10.88337466,2.902049194
*C(C*)CCCCCCC,-10.69582593,3.01501621
*C(C*)CCCCCCCC,-10.67351767,2.891930425
*C(C*)(C)C,-11.40601653,2.905709576
*C(C*)(CC)C,-11.17085461,2.957699323
*C(CC*)(C)C,-11.17067383,2.957662603
*C(C(C*)C)(C)C,-10.94746274,2.832976434
*C(CCC*)(C)C,-11.04139144,2.980824468
*C(CCC*)(CC)C,-10.87742582,3.022454836
*C(CCCCCCC*)C,-10.7869671,3.035723667
*C(C*)C1CC1,-10.20816963,3.110868393
*C(C*)C1CCC1,-10.59217148,2.964684146
*C(C*)C1CCCC1,-10.98031084,2.879741566
*C(C*)CC1CCCC1,-10.87443059,2.894875167
*C(C*)C1CCCCC1,-10.47970418,2.991377208
*C(C*)CC1CCCCC1,-10.40967116,3.01337447
*C(C*)Cc1ccccc1,-9.024137276,1.920584032
*C(C*)CCc1ccccc1,-9.012433023,1.926149647
*C(C*)C(c1ccccc1)C,-9.030381601,1.92053854
*C1CC(CC1)C*,-11.05953699,2.858903677
*C(C*)CCCCCC,-10.78481242,3.022469688
*C(C*)CCCCCCCCCC,-10.74220376,2.989454788
*C(C*)CCCCCCCCCCCC,-10.64667391,3.003878324
*C(C*)CCCCCCCCCCCCCCCC,-10.56847196,2.858209728
*C(C*)C(CC)C,-10.95058173,2.914489947
*C(C*)C(CC)CC,-10.83085124,2.949592997
*C(C*)CC(CC)CC,-10.85325263,2.806928786
*C(C*)CC(CC)C,-10.92706754,3.03754063
*C(C*)CC(C)(C)C,-10.90844877,2.817927377
*C(C*)CC(CC)(C)C,-10.8381409,2.831940007
*C(C*)CCCC(C)(C)C,-10.70525073,2.821893562
*C(C*)CCC1CCCCC1,-10.36676494,3.002310284
*C(C*)CCCC1CCCCC1,-10.39604157,2.853892377
*C1(CCC(CC1)C)C*,-10.43786103,2.708137997
*C(C*)(CCC)C,-11.04074946,2.980858382
*/C=C/CC*,-9.656460668,2.613247763
*/C=C\CC*,-9.65647625,2.613231109
*C=CCC*,-9.656395717,2.613252494
*C(C)C(C)*,-11.42399323,2.987095842
*C(C(CC*)C)C,-11.01570858,2.957440393
*C1C(CCC1)CC*,-10.86452736,2.841063534
*C=CCCCCCCCC*,-9.602378359,2.803796391
*C(C*)CCCCCCCCCCCCCCCCCCCC,-10.55482587,2.823679803
*/C=C/CCCCCCCCCC*,-9.590537114,2.718516714
*C(C*)CCCCCCCCCCCCCC,-10.58824262,3.020257475
*C=CCCCCCC*,-9.595784505,2.713776103
*/C=C/CCC*,-9.640251953,2.574957766
*C(C*)C(C)(C)C,-11.01557577,2.792671346
*/C=C\CCCC*,-9.632092669,2.572588205
*C(C*)CCCCCCCCCCCCC,-10.62450895,3.017311513
*C(CC)C(CC)*,-11.02598096,3.024752521
*C(C*)CCCCCCCCCCC,-10.60515312,2.907248281
*C(C*)CCCCCCCCC,-10.57059673,3.001302454
*C(C*)C1CC(CCC1)C,-10.44344491,2.867125032
*C(C*)C1CCC(CC1)C,-10.41815215,3.047159024
*C(C*)C1CC=CCC1,-9.114735549,2.714518166
*C(=CCC*)CCCCCCC,-9.154742222,2.746139626
*C(=CCC*)C(C)C,-9.192557591,2.6094386
*/C=C\CCC*,-9.640354724,2.575032957
*C(C*)CCC(C)(C)C,-10.80350616,2.820297752
*C1C(CC1)*,-10.94967708,3.030805368
*/C=C\*,-10.19807722,2.538656103
*/C=C\CCCCC*,-9.617074413,2.546610894
*C1CC(CC1)C=C*,-9.572901701,2.643829633
*/C=C/C(C*)C(CC)C,-9.623465382,2.561145006
*C(=CCC*)CCC,-9.190043722,2.610210315
*C=CCCCCCCCCCC*,-9.630457511,2.547103419
*C1(CCCCC1)C*,-10.54940644,2.985366773
*C=CC(CCCCC*)C,-9.559206198,2.762307925
*/C(=C\CC*)C(C)(C)C,-9.208658481,2.699215301
*C(C*)c1ccccc1,-9.030834989,1.972408615
*C(C*)c1c(cccc1)C,-8.837273735,2.00271983
*C(C*)c1c(cccc1)CC,-8.795109597,2.01048635
*C(C*)c1c(cccc1)COC,-8.958849918,1.886557021
*C(C*)c1c(cccc1)COCC,-8.938222954,1.890779401
*C(C*)c1c(cccc1)COCCC,-9.033702664,1.715432593
*C(C*)c1c(cccc1)COC(C)C,-8.968224387,1.846783833
*C(C*)c1c(cccc1)COCCCC,-8.930463725,1.839037844
*C(C*)c1c(cccc1)COCCCCC,-9.013614033,1.797101074
*C(C*)c1c(cccc1)COCCC(C)C,-9.029115071,1.777254157
*C(C*)c1c(cccc1)COCc1ccccc1,-9.023950481,1.586600098
*C(C*)c1c(cccc1)COCCc1ccccc1,-8.839013078,1.78075837
*C(C*)c1c(cccc1)C(=O)NC,-9.185466762,1.210516105
*C(C*)c1c(cccc1)C(=O)N(C)C,-9.063355785,1.434991186
*C(C*)c1c(cccc1)C(=O)Nc1ccccc1,-8.506568165,0.900434971
*C(C*)c1c(cccc1)C(=O)O,-9.34652038,0.679899473
*C(C*)c1c(cccc1)C(=O)OC,-9.262941436,0.814055861
*C(C*)c1c(cccc1)C(=O)OCC,-9.24871581,0.821648156
*C(C*)c1c(cccc1)C(=O)OCCC,-9.255970588,0.808101748
*C(C*)c1c(cccc1)C(=O)OC(C)C,-9.233140865,0.848551118
*C(C*)c1c(cccc1)C(=O)OCCCC,-9.256280921,0.806164513
*C(C*)c1c(cccc1)C(=O)OCC(C)C,-9.259171608,0.801306379
*C(C*)c1c(cccc1)C(=O)OCCCCC,-9.25801441,0.824079096
*C(C*)c1c(cccc1)C(=O)OCCC(C)C,-9.263399689,0.810741164
*C(C*)c1c(cccc1)C(=O)OCCCCCC,-9.257398849,0.893293523
*C(C*)c1c(cccc1)C(=O)Oc1ccccc1,-9.204329411,0.628340067
*C(C*)c1c(cccc1)C(=O)OCCN(C)C,-8.725464163,0.997960557
*C(C*)c1ccc(cc1)C(=O)OCCN(C)C,-8.637743934,0.824582864
*C(C*)c1c(cccc1)OC,-8.350693629,2.002905894
*C(C*)c1c(cccc1)Cl,-9.141878514,1.604077206
*C(C*)c1c(cccc1)F,-9.043787122,1.811165731
*C(C*)c1cc(ccc1)C,-8.833778183,1.972837322
*C(C*)c1cc(ccc1)CC,-8.858525478,1.976692641
*C(C*)c1cc(ccc1)c1ccc(cc1)c1ccccc1,-8.206213193,0.797625031
*C(C*)c1cc(ccc1)Cl,-9.146134071,1.576215131
*C(C*)c1cc(ccc1)F,-9.122938059,1.664691719
*C(C*)c1ccc(cc1)C,-8.714613429,1.989983099
*C(C*)c1ccc(cc1)CC,-8.727988551,1.973784429
*C(C*)c1ccc(cc1)C(C)C,-8.729435214,1.962391979
*C(C*)c1ccc(cc1)CCCC,-8.715583872,1.937867192
*C(C*)c1ccc(cc1)C(C)(C)C,-8.724797096,1.963289849
*C(C*)c1ccc(cc1)C(CC)C,-8.714396079,1.96634418
*C(C*)c1ccc(cc1)CCCCCC,-8.724421275,1.906949445
*C(C*)c1ccc(cc1)CCCCCCCC,-8.723102188,1.912312962
*C(C*)c1ccc(cc1)CCCCCCCCC,-8.712166875,1.937852065
*C(C*)c1ccc(cc1)CCCCCCCCCC,-8.710439859,1.939533292
*C(C*)c1ccc(cc1)CCCCCCCCCCCC,-8.710187566,1.940580982
*C(C*)c1ccc(cc1)CCCCCCCCCCCCCC,-8.714252594,1.91631921
*C(C*)c1ccc(cc1)CCCCCCCCCCCCCCCC,-8.735614474,1.884279401
*C(C*)c1ccc(cc1)CCCCCCCCCCCCCCCCCC,-8.750005633,1.809890857
*C(C*)c1ccc(cc1)c1ccccc1,-8.394375689,1.191722444
*C(C*)c1ccc(cc1)COCCOCC,-8.771366295,1.92234006
*C(C*)c1ccc(cc1)C#N,-9.505494183,0.616445494
*C(C*)c1ccc(cc1)Cl,-8.999302958,1.558310647
*C(C*)c1ccc(cc1)Br,-8.906161005,1.565161189
*C(C*)c1ccc(cc1)C(C(C(C(C(C(C(F)(F)F)(F)F)(F)F)(F)F)(F)F)(F)F)(F)F,-9.655734231,1.056249054
*C(C*)c1ccc(cc1)C(=NO)C,-8.455493889,1.126857466
*C(C*)c1ccc(cc1)C(O)(C)C,-8.848755748,1.832263632
*C(C*)c1ccc(cc1)C(CC)(O)C,-8.846899807,1.810445396
*C(C*)c1ccc(cc1)C(CCC)(O)C,-8.81813086,1.842036104
*C(C*)c1ccc(cc1)C(CCCC)(O)C,-8.835391812,1.807864599
*C(C*)c1ccc(cc1)C(CCCCC)(O)C,-8.835790913,1.803039665
*C(C*)c1ccc(cc1)C(CCN(C)C)O,-8.555768721,1.905673497
*C(C*)c1ccc(cc1)C(CCN1CCCCC1)O,-8.608917093,1.928328672
*C(C*)c1ccc(cc1)C(CCN1CCOCC1)O,-8.623697227,2.031209027
*C(C*)c1ccc(cc1)COC,-8.880008462,1.842509727
*C(C*)c1ccc(cc1)COCCO,-9.034599971,1.670159308
*C(C*)c1ccc(cc1)COCCC,-8.919660271,1.767353454
*C(C*)c1ccc(cc1)COCCCC,-8.9222145,1.76741997
*C(C*)c1ccc(cc1)COCCCCO,-8.76606195,1.913965427
*C(C*)c1ccc(cc1)COC(CC)C,-8.901319465,1.770926229
*C(C*)c1ccc(cc1)COCCCCCC,-8.921912456,1.769541885
*C(C*)c1ccc(cc1)COCCOCCCC,-9.103643397,1.526286606
*C(C*)c1ccc(cc1)C(=O)N(C)C,-9.026317471,1.238017193
*C(C*)c1ccc(cc1)C(=O)N(CC)CC,-8.995363357,1.320031702
*C(C*)c1ccc(cc1)C(=O)N1CCCCC1,-8.989354058,1.219587781
*C(C*)c1ccc(cc1)C(=O)CCN1CCCCC1,-8.543681318,0.775042116
*C(C*)c1ccc(cc1)C(=O)N1CCOCC1,-8.913029368,1.08691462
*C(C*)c1ccc(cc1)C(=O)OC,-9.274398142,0.848579782
*C(C*)c1ccc(cc1)C(=O)OCC,-9.252379981,0.874445823
*C(C*)c1ccc(cc1)C(=O)OCCC,-9.267375338,0.843067988
*C(C*)c1ccc(cc1)C(=O)OC(C)C,-9.242328151,0.87603465
*C(C*)c1ccc(cc1)C(=O)OCCCC,-9.266738884,0.844291459
*C(C*)c1ccc(cc1)C(=O)OCC(C)C,-9.270193627,0.83877789
*C(C*)c1ccc(cc1)C(=O)OCCCCCC,-9.27085209,0.836126514
*C(C*)c1ccc(cc1)C(=O)CC,-9.261826109,0.613425156
*C(C*)c1ccc(cc1)C(=O)CCC,-9.255739401,0.614502981
*C(C*)c1ccc(cc1)C(=O)CCCC,-9.269513148,0.58343808
*C(C*)c1ccc(cc1)C(=O)CCCCC,-9.268414701,0.583628834
*C(C*)c1ccc(cc1)C(=O)CCCCCCC,-9.2506607,0.621276894
*C(C*)c1ccc(cc1)C(=O)Cc1ccccc1,-9.043064069,0.494246221
*C(C*)c1ccc(cc1)C(=O)c1ccccc1,-9.214052157,0.282505338
*C(C*)c1ccc(cc1)C(=O)c1ccc(cc1)C,-9.12856911,0.352246879
*C(C*)c1ccc(cc1)F,-8.968492873,1.631679035
*C(C*)c1ccc(cc1)I,-8.695871072,1.304860763
*C(C*)c1ccc(cc1)N(C)C,-7.458342441,2.106821887
*C(C*)c1ccc(cc1)OC,-8.234078418,1.93010561
*C(C*)c1ccc(cc1)OCC,-8.179435081,1.929792758
*C(C*)c1ccc(cc1)OCCC,-8.216370002,1.936924945
*C(C*)c1ccc(cc1)OCCCC,-8.214111831,1.938027604
*C(C*)c1ccc(cc1)OCCC(C)C,-8.229325155,1.924880127
*C(C*)c1ccc(cc1)Oc1ccccc1,-8.339648374,1.560611506
*C(C*)c1ccc(cc1)c1ccc(cc1)c1ccccc1,-8.135934135,0.813320985
*C(C*)c1ccc(cc1)S(=O)(=O)OCCC,-9.828745242,0.681812134
*C(C*)c1c(cccc1Cl)Cl,-9.363722503,1.271950236
*C(C*)c1c(cc(cc1)C)C,-8.552053123,2.151147298
*C(C*)c1c(cc(cc1)C(C)C)C(C)C,-8.624234621,1.987644507
*C(C*)c1c(cc(cc1)F)C,-8.79430105,1.807952379
*C(C*)c1c(cc(cc1)Cl)C,-8.867893513,1.640404342
*C(C*)c1c(cc(cc1)Cl)Cl,-9.215716123,1.223419348
*C(C*)c1c(ccc(c1)C)C,-8.581144044,2.022919494
*C(C*)c1c(ccc(c1)C(C)(C)C)C,-8.614763148,2.024167602
*C(C*)c1c(ccc(c1)C(C)C)C(C)C,-8.608251951,1.992727378
*C(C*)c1c(ccc(c1)Cl)Cl,-9.140559558,1.235045848
*C(C*)c1c(ccc(c1)F)F,-9.071468064,1.397136781
*C(C*)c1c(ccc(c1)C)F,-8.81448496,1.74826216
*C(C*)c1c(ccc(c1)Br)OCCCC,-8.350909558,1.6302843
*C(C*)c1c(ccc(c1)Br)OCC,-8.357898466,1.634684417
*C(C*)c1c(ccc(c1)Br)OC,-8.384991232,1.616542318
*C(C*)c1c(ccc(c1)Br)OCCC,-8.354403313,1.628158751
*C(C*)c1c(ccc(c1)Br)OC(C)C,-8.312008876,1.636086062
*C(C*)c1c(ccc(c1)Br)OCCCCC,-8.348541101,1.630687506
*C(C*)c1c(ccc(c1)Br)OCCC(C)C,-8.363090655,1.618884608
*C(C*)c1cc(cc(c1)C)C,-8.780485761,2.04589519
*C(C*)c1cc(c(cc1)C)C,-8.588705003,2.110263506
*C(C*)c1cc(c(cc1)Cl)C,-8.871140723,1.669089993
*C(C*)c1cc(c(cc1)Cl)Cl,-9.161668551,1.261570026
*C(C*)c1cc(c(cc1)Cl)F,-9.119951218,1.328703327
*C(C*)c1c(cc(cc1C)C)C,-8.484125864,2.04441204
*C(C*)c1c(cc(c(c1)C)C)C,-8.396490216,2.116508097
*C(C*)c1c(c(c(c(c1F)F)F)F)F,-9.655426085,1.224120297
*C(C*)(c1ccccc1)C,-9.029720909,1.953701983
*C(C*)(c1ccc(cc1)C(C)C)C,-8.729988206,1.935973218
*C(C(*)(F)F)(c1ccccc1)F,-9.593549107,1.440663909
*C(C(*)(F)F)(c1c(c(c(c(c1F)F)F)F)F)F,-10.11455314,0.480742988
*C(C*)c1c2c(ccc1)cccc2,-8.127041789,0.836876695
*C(C*)c1ccc(cc1)C(=O)C,-9.279628375,0.592187284
*C(C*)c1ccc(cc1)C(=O)CCN1CCOCC1,-8.748298819,0.641377881
*C(C*)(C(=O)OC)c1ccccc1,-9.195707944,1.725341357
*C(C*)(c1ccc(cc1)C)C,-8.715668415,1.995843819
*C(C(*)c1ccccc1)[N+](=O)[O-],-9.407374674,0.608511017
*C(C*)c1ccc(cc1)C(=O)C(F)(F)F,-9.670174856,-0.151436822
*C(C*)c1ccc(cc1)C(=O)c1ccc(cc1)OC,-8.674030755,0.451904041
*C(C*)c1cc2c(cc1)cccc2,-8.17058215,0.893447003
*C(C*)c1ccncc1,-9.635012171,1.465823041
*C(C*)c1nc(ccc1)C,-9.139518852,1.4302675
*C(C*)c1ccc(nc1)C,-9.078112938,1.444214224
*C(C*)N1Nc2c(C1)cccc2,-8.208824203,1.793298344
*C(C(C(C*)c1ncccc1)c1ccccc1)c1ncccc1,-8.951152898,1.256395446
*C(C*)c1ccc(cc1)O,-8.323026849,1.876728759
*C(C*)c1ccc(cc1)OC(=O)C,-8.885938291,1.811232567
*C(C*)c1ccc(cc1)CCC,-8.724661092,1.934721255
*C(C*)c1ccc(cc1)COCCCCCCOc1ccc(cc1)c1ccc(cc1)OC,-7.704002921,1.615332232
*C(C*)c1ccc(cc1)COCC(CCCC)CC,-9.018481001,1.6420104
*C(C*)c1ccc(cc1)COCCOCCCCCCCC,-8.753594981,1.938177364
*C(C*)c1ccc(cc1)C(C(C(C(C(C(F)F)(F)F)(F)F)(F)F)(F)F)(F)F,-9.621165126,1.089599887
*C(CC(C*)c1ccccc1)(C(=O)OC)C#N,-9.353921328,1.590560804
*C(C*)c1cc(c(cc1)C(=O)O)C(=O)O,-9.603688604,0.422415621
*C(C(*)(c1c(c(c(c(c1[2H])[2H])[2H])[2H])[2H])[2H])([2H])[2H],-9.030828623,1.972373725
*C(C*)O,-10.19812515,2.820924933
*C(C*)C=O,-9.747383456,1.685012252
*C(C*)OC(=O)CCCCCCCCCCC,-10.28287607,2.589759535
*C(C*)C(=O)C,-9.585158489,2.022344441
*C(C*)C(=O)C(C)C,-9.450553877,1.953343579
*C(C*)(C(=O)C)C,-9.479103283,1.929872884
*C(C*)C#N,-11.6387207,2.326917877
*C(C*)(C#N)C,-11.54622776,2.339040359
*C(C*)c1ncccc1,-9.400859548,1.396165204
*C(C*)n1c2ccccc2c2ccccc12,-7.728115601,1.050737639
*C(C*)OC,-9.758385388,3.07721184
*C(C*)OCC,-9.680308308,3.048899093
*C(C*)OC(=O)C,-10.30841695,2.65813703
*C(C*)OC(=O)CC,-10.28228628,2.781263027
*C(C*)OC(=O)c1ccccc1,-9.599280015,0.775461419
*C(C*)CCCCCCCCCO,-10.07576469,2.797669232
*C(C*)CCN(C(C)C)C(C)C,-8.120159961,2.772454483
*C(C*)CCCN(C(C)C)C(C)C,-8.030227766,2.81053956
*C(C*)CCCN(CC(C)C)CC(C)C,-8.475404949,2.831874316
*C(C*)O[N+](=O)[O-],-11.46804333,0.829489211
*C=CC(C(*)C(=O)OC)C,-9.718652522,2.58435534
*C#C/C(=C(*)\COS(=O)(=O)c1ccc(cc1)C)COS(=O)(=O)c1ccc(cc1)C,-9.456401777,0.23239324
*C(C*)OC=O,-10.63663255,2.523238264
*C(C*)OCc1ccccc1,-9.156135288,1.842349093
*C(C*)OC(C)(C)C,-9.605221484,2.852165991
*C(C(*)OCC(C)C)C,-9.752056447,2.943832222
*C(C*)OC(C)C,-9.661700362,2.989205755
*C(C*)(OC)C,-9.692718522,2.975483464
*C(C*)OCC(C)(C)C,-9.767260672,2.832084518
*C(C*)OC(CC)C,-9.654914183,2.882503093
*C(C*)OC(=O)C(F)(F)F,-11.27543967,1.544571707
*/C=C/C(C*)OC,-9.708645497,2.477696814
*C=CCC(CC*)(C(=O)OC)C,-9.551183779,2.545965614
*C(C*)CCc1c(cccc1)C,-8.83160355,1.984716137
*C(C*)CCc1ccc(cc1)C,-8.709533115,1.951269448
*C(C*)OCCCCCCCCCCCC,-9.641822051,2.879623411
*C(C(*)OCCCC)C,-9.665570701,2.862234328
*C(C(*)OC(C)(C)C)C,-9.585339985,2.807283307
*C(C(*)OCC)C,-9.686013075,3.010112515
*C(C(*)OC(C)C)C,-9.656925817,2.976057711
*C(C(*)OC)C,-9.755317755,3.024319856
*C(C(*)OCCC)C,-9.730403337,3.001340513
*C(C*)Cc1c(ccc(c1)C)C,-8.574791248,1.964388831
*C(C*)Cc1cc(c(cc1)C)C,-8.592428997,2.084311778
*C(C*)Cc1cc(cc(c1)C)C,-8.78019229,2.025390322
*C(C*)Cc1cc(ccc1)C,-8.838173894,1.989281352
*C(C*)Cc1c(cccc1)C,-8.83588326,1.979780356
*C(C*)Cc1ccc(cc1)C,-8.711866855,1.945990364
*C(C(*)O)C,-10.12536907,2.865651236
*C(C*)OC(=O)c1ccc(cc1)C(C)(C)C,-9.237292632,0.886565759
*C(C*)C(=O)C(C)(C)C,-9.372582169,2.029158742
*C(C*)C(=O)C1CCCCC1,-9.321915363,1.789498156
*C(C*)C(=O)c1c(cccc1)O,-8.712974896,0.298434742
*C=CC(C*)OC,-9.707988942,2.47778017
*C(=CCC*)c1ccccc1,-8.318219536,1.202674284
*C(O)C(*)O,-10.02257357,2.604343928
*C(C*)OCC(CCCC)CC,-9.682221188,2.939502936
*C(C*)SCCCC,-8.497096416,2.659989173
*C(C*)OC1CCCCC1,-9.58109526,2.852823264
*C(C*)SCC,-8.543529828,2.687491601
*C(C(*)(F)F)(OC(C(C(C(F)(F)F)(F)F)(F)F)(F)F)F,-12.57038676,2.822650286
*C(C(*)(F)F)(OC(C(F)(F)F)(F)F)F,-12.5939483,3.165370972
*C(C(*)(F)F)(OC(F)(F)F)OC(F)(F)F,-12.6470376,2.938814131
*C(C(*)(F)F)OC(F)(F)F,-12.31439092,3.057651065
*C(C(*)F)(OC(F)(F)F)F,-12.5052208,3.088718743
*C(C(*)(F)F)(OC(F)(F)F)F,-12.573321,3.188127183
*C(C*)OCC(CC)(C)C,-9.73305236,2.869293381
*C(C*)SC,-8.578004238,2.720915735
*C(C*)OCCC,-9.689518423,3.020235219
*C(C*)(C(=O)C)F,-9.823876405,1.601350532
*C(C*)C(=O)c1ccccc1,-9.589423384,0.530306815
*C(C*)C(=O)c1cc(c(cc1)Br)OC,-8.828403788,0.287148266
*C(C*)C(=O)c1ccc(cc1)C(C)(C)C,-9.251582199,0.624034855
*C(C*)C(=O)c1ccc(cc1)Cl,-9.494974786,0.24516403
*C(C*)C(=O)c1ccc(cc1)CC,-9.261741484,0.613759766
*C(C*)C(=O)c1ccc(cc1)C(C)C,-9.259147982,0.623132128
*C(C*)C(=O)c1ccc(cc1)OC,-8.719810426,0.810874363
*C(C*)C(=O)c1cc(c(cc1)C)C,-9.065712734,0.680268189
*C(C*)C(=O)c1ccc(cc1)CCC,-9.253159308,0.602700922
*C(C*)C(=O)c1ccc(cc1)C,-9.261422308,0.623312837
*C(C*)OC(=O)c1c(cccc1)OC(=O)C,-9.460954948,0.68104662
*C(C*)OC(=O)c1ccc(cc1)OC(=O)C,-9.362013844,0.728731198
*C(C*)OC(=O)CCCC(=O)c1ccccc1,-9.653479167,0.374201454
*C(C*)OC(=O)c1cc(ccc1)Br,-9.329119852,0.460015333
*C(C*)OC(=O)c1ccc(cc1)Br,-9.35482041,0.459777846
*C(C*)OC(=O)c1ccc(cc1)OC(=O)CCC,-9.346645449,0.742825942
*C(C*)OC(=O)c1c(cccc1)Cl,-9.438704521,0.614361143
*C(C*)OC(=O)c1cc(ccc1)Cl,-9.46549935,0.452540038
*C(C*)OC(=O)c1ccc(cc1)Cl,-9.483673714,0.474878781
*C(C*)OC(=O)C1CCCCC1,-10.11034794,2.654987434
*C(C*)OC(=O)CC1CCCCC1,-10.2123479,2.617784723
*C(C*)OC(=O)CCCC1CCCCC1,-10.24292256,2.671709673
*C(C*)OC(=O)c1ccc(cc1)OCC,-8.68487557,1.098205495
*C(C*)OC(=O)c1ccc(cc1)CC,-9.259746307,0.853524731
*C(C*)OC(=O)C(C(C(F)(F)F)(F)F)(F)F,-11.3075146,1.304896882
*C(C*)OC(=O)C1(C(C(C(C(C1(F)F)(F)F)(F)F)(F)F)(F)F)F,-11.31555217,1.307460564
*C(C*)NC(=O)OC(C)(C)C,-9.568008551,2.728795668
*C(C*)OC(=O)C(C(C(C(C(C(C(C(C(F)(F)F)(F)F)(F)F)(F)F)(F)F)(F)F)(F)F)(F)F)(F)F,-11.29524543,1.230691774
*C(C*)OC(=O)C(C(C(C(C(F)(F)F)(F)F)(F)F)(F)F)(F)F,-11.29328885,1.232494064
*C(C*)OC(=O)C(C(C(C(C(C(C(F)(F)F)(F)F)(F)F)(F)F)(F)F)(F)F)(F)F,-11.29406178,1.230467831
*C(C*)OC(=O)C(C(F)(F)F)(F)F,-11.29152265,1.384509381
*C(C*)OC(=O)C(C(C(C(F)(F)F)(F)F)(F)F)(F)F,-11.3050892,1.26858799
*C(C*)OC(=O)c1ccncc1,-9.923410953,0.277226018
*C(C*)OC(=O)c1ccc(cc1)C(C)C,-9.255115899,0.867193831
*C(C*)OC(=O)C(C(C)C)(C(C)C)C,-10.01043105,2.649482096
*C(C*)OC(=O)c1c(cccc1)OC,-8.700548593,0.926180462
*C(C*)OC(=O)c1cc(ccc1)OC,-8.679388794,0.787497751
*C(C*)OC(=O)c1ccc(cc1)OC,-8.714188676,1.07616088
*C(C*)OC(=O)c1c(cccc1)C,-9.247688135,0.824857289
*C(C*)OC(=O)c1cc(ccc1)C,-9.257068278,0.852776787
*C(C*)OC(=O)c1ccc(cc1)C,-9.256040935,0.869754943
*C(C*)OC(=O)CC(c1ccccc1)(C)C,-9.170201497,1.801736407
*C(C*)OC(=O)C(CCC)(C)C,-10.08199431,2.641563964
*C(C*)OC(=O)C(C(CC)(C)C)(C)C,-10.01087013,2.441181995
*C(C*)OC(=O)C(C(C(C)C)C)(C)C,-10.06011469,2.444783675
*C(C*)OC(=O)C(CC(C)(C)C)(C)C,-10.09395183,2.56461804
*C(C*)OC(=O)c1cnccc1,-9.950661512,0.497290544
*C(C*)OC(=O)c1cc(ccc1)[N+](=O)[O-],-10.35780996,-0.471947429
*C(C*)OC(=O)CCCCCCC,-10.26941992,2.670610186
*C(C*)OC(C(F)(F)F)(C(F)(F)F)F,-11.61312068,2.898773751
*C(C*)OC(=O)CCl,-10.75973369,2.336678118
*C(C*)C1=CC=CS1,-8.697526412,1.79489424
*C(C*)OCCCl,-10.0746105,2.465178353
*C(C*)OCCOC,-9.461428312,2.909317453
*C(C*)OCC(F)(F)F,-10.42943459,2.714196665
*C(C*)(CC(=O)OCCCCCCC)C(=O)OCCCCCCC,-10.25426886,2.416135722
*C(C*)OC(=O)C1CCCC1,-10.14119086,2.48416355
*C(C*)OC(=O)C1(CCCCC1)C,-10.07468268,2.587080505
*C(C*)P(=O)(c1ccccc1)c1ccccc1,-9.471884165,0.949291644
*C(C*)P(=O)(OCC)N(C)C,-9.217918572,2.548836543
*C(C*)P(=O)(N(C)C)Oc1ccccc1,-8.94716076,1.687209641
*C(C*)c1nc(nc(n1)C)C,-9.937464892,1.129494718
*C(C*)OC(=O)CCCCCCCCC,-10.24057434,2.774134639
*C(C*)OC(=O)CCCCC,-10.18566518,2.489244413
*C1c2c(CC1*)cccc2,-8.757806246,1.88443479
*C1C(=O)OC(=O)C1C(C*)OC,-10.40232315,1.696297387
*C(C(C(C*)OC)C(=O)O)C(=O)O,-10.07420855,2.419668477
*C(=CCCC*)c1ccc(cc1)OC,-7.848634266,1.427031119
*C(=CCCC*)c1ccccc1,-8.39157111,1.178997429
*C(=CCCC*)c1ccc(cc1)Cl,-8.476290609,0.880532613
*C(C*)CNc1ccc(cc1)[N+](=O)[O-],-8.430807263,0.173746113
*C(C*)CNc1ncc(cc1)[N+](=O)[O-],-8.696972318,0.016590866
*C(C*)CNc1c(cc(cc1)[N+](=O)[O-])C,-8.355737325,0.214616554
*C(C*)CNc1cc(c(cc1)[N+](=O)[O-])C(F)(F)F,-8.70270562,-0.06932472
*C(C*)CNc1c(cc(cc1)[N+](=O)[O-])[N+](=O)[O-],-8.957113885,-0.662571341
*C1C(C(C(C1)C*)OC(=O)CCCCCCCCCCOc1ccc(cc1)c1ccc(cc1)C#N)OC(=O)CCCCCCCCCCOc1ccc(cc1)c1ccc(cc1)C#N,-8.422231777,0.281326827
*C1C(CC(C1)C*)OC(=O)CCCCCCCCCCOc1ccc(cc1)c1ccc(cc1)C#N,-8.425282809,0.315316033
*C1C(CC(C1)OC(=O)CCCCCCCCCCOc1ccc(cc1)c1ccc(cc1)C#N)CC*,-8.440703194,0.299070952
*C(C*)N1CNCC1,-8.712743164,2.611056165
*C(C*)OCCCCCCCCCCCCCCCCCC,-9.600083662,2.784620277
*C(C*)OC(=O)c1ccc(cc1)C#N,-10.00268611,-0.263713023
*C(C*)OCC(CC(C)C)(C)C,-9.780344027,2.80879843
*C(C(*)(F)F)(OC(C(F)F)F)F,-12.31789227,2.891797115
*C(C*)C(=O)c1ccc(cc1)Br,-9.371475962,0.232484005
*C(C*)OC(=O)CC1CCCC1,-10.09469464,2.651809425
*C(C*)N1C(=O)CCC1,-9.071177508,2.619246326
*C1C(C2C(C1)C(C(C2)CC*)OC(=O)CCCCCCCCCCOc1ccc(cc1)c1ccc(cc1)C#N)OC(=O)CCCCCCCCCCOc1ccc(cc1)c1ccc(cc1)C#N,-8.31011505,0.286754426
*C(C*)C(=O)O,-10.36403236,2.395389418
*C(C*)C(=O)OC,-10.35818339,2.750933434
*C(C*)C(=O)OCC,-10.28152463,2.78143746
*C(C*)C(=O)OCCC,-10.29897472,2.686702834
*C(C*)C(=O)OC(C)C,-10.24118625,2.703110944
*C(C*)C(=O)OCCCC,-10.2922787,2.690731929
*C(C*)C(=O)OCC(C)C,-10.29809938,2.629079121
*C(C*)C(=O)OC(C)(C)C,-10.05359765,2.722776542
*C(C*)C(=O)OCCCCCC,-10.28555608,2.653468782
*C(C*)C(=O)OCCCCCCC,-10.27811833,2.606608855
*C(C*)C(=O)OCCCCCCCC,-10.27809712,2.769457919
*C(C*)C(=O)OCCCCCCCCCCCC,-10.28244999,2.706380279
*C(C*)C(=O)OCCCCCCCCCCCCCC,-10.35273832,2.623843777
*C(C*)C(=O)OCCCCCCCCCCCCCCCC,-10.28502959,2.694856773
*C(C*)C(=O)OCCCCCCCCCCCCCCCCCC,-10.31013883,2.576521125
*C(C*)C(=O)OCCCCCCCCCCCCCCCCCCCCCC,-10.29320238,2.621588838
*C(C*)C(=O)OCC=C,-10.10039334,2.208204406
*C(C*)C(=O)OC1C2(CCC(C1)C2(C)C)C,-10.06356042,2.600385048
*C(C*)C(=O)OCC(F)(F)F,-10.87851243,2.275074714
*C(C*)C(=O)OCC(C(F)(F)F)(F)F,-10.93176089,2.209647112
*C(C*)C(=O)OC(C(F)(F)F)C(F)(F)F,-11.1729314,1.799158287
*C(C*)C(=O)OC(C(F)(F)F)(C(F)(F)F)F,-11.16918172,1.572733232
*C(C*)C(=O)OC(C(Cl)(F)F)(C(F)(F)F)F,-11.167914,1.711300929
*C(C*)C(=O)OC(C(Cl)(F)F)(C(Cl)(F)F)F,-11.14223098,1.532525272
*C(C*)C(=O)OCC(C(F)C(F)(F)F)(F)F,-10.97762339,2.115648972
*C(C*)C(=O)OCC(C(C(F)(F)F)(F)F)(F)F,-10.81075688,2.092163382
*C(C*)(C(=O)OC)C,-10.24758396,2.529574408
*C(C*)(C(=O)OCC)C,-10.20108749,2.567078873
*CC(*)(C)C(=O)OCCC,-10.18741582,2.510643949
*CC(*)(C)C(=O)OC(C)C,-10.14009048,2.583038702
*C(C*)(C(=O)OCCCC)C,-10.18402268,2.504667438
*CC(*)(C)C(=O)OC(C)CC,-10.14002079,2.561596539
*CC(*)(C)C(=O)OCC(C)C,-10.19229103,2.50716423
*CC(*)(C)C(=O)OC(C)(C)C,-9.958820586,2.506957891
*CC(*)(C)C(=O)OCCCCCC,-10.17887272,2.48457155
*CC(*)(C)C(=O)OCCCCCCCC,-10.17554227,2.485838833
*CC(*)(C)C(=O)OCCCCCCCCCCCC,-10.1749672,2.507964358
*CC(*)(C)C(=O)OC1CCCCC1,-10.07639668,2.600007
*CC(*)(C)C(=O)Oc1ccccc1,-9.178624213,1.748844702
*CC(*)(C)C(=O)OCc1ccccc1,-9.350480316,1.634788942
*CC(*)(C)C(=O)OCCBr,-10.16866863,1.984795169
*CC(*)(C)C(=O)OCc1ccccc1Cl,-9.3754742,1.260986465
*CC(*)(C)C(=O)OCCO,-10.38132747,2.270879718
*CC(*)(C)C(=O)OCCN(C)C,-8.657706197,2.524375777
*CC(*)C(N)=O,-9.683183118,2.587877405
*CC(*)C(=O)NC(C)C,-9.453403198,2.5575108
*CC(*)C(=O)OC(CC)CC,-10.24966595,2.699930085
*CC(*)C(=O)OC1CCCCC1,-10.09855734,2.417914312
*CC(*)C(=O)OCC(C)(C)C,-10.33532844,2.54681731
*CC(*)C(=O)OCCC#N,-10.78110137,2.290266942
*CC(*)C(=O)N1CCCCC1,-8.953042786,2.63645718
*CC(*)C(=O)N1CCOCC1,-9.063637869,2.514390448
*CC(*)C(=O)Oc1ccccc1,-9.180378123,1.784478797
*CC(*)C(=O)Oc1ccc(OC)cc1,-8.384611817,1.761175385
*CC(*)C(=O)Oc1ccccc1C(=O)OC,-9.423141189,0.596844473
*CC(*)C(=O)Oc1ccccc1C(=O)OCC,-9.373519423,0.681982882
*CC(*)C(=O)Oc1cccc(C(=O)OC)c1,-9.38838505,0.69211749
*CC(*)C(=O)Oc1cccc(C(=O)OCC)c1,-9.372354806,0.672451331
*CC(*)C(=O)Oc1ccc(C(=O)OC)cc1,-9.367313897,0.730872848
*CC(*)C(=O)Oc1ccc(C(=O)OCC)cc1,-9.351267625,0.737902768
*CC(*)C(=O)Oc1ccc(C(=O)OCCCC)cc1,-9.353344176,0.729133768
*CC(*)C(=O)Oc1ccc(-c2ccccc2)cc1,-8.510979222,1.088519042
*CC(*)C(=O)OCc1ccccc1,-9.339409184,1.649610734
*CC(*)C(=O)OCCc1ccccc1,-9.160761027,1.812672265
*CC(*)C(=O)Oc1cccc(N(C)C)c1,-7.679688096,1.955003455
*CC(*)C(=O)Oc1ccc(C#N)cc1,-9.574770521,0.491075333
*CC(*)C(=O)OCc1ccc(C#N)cc1,-9.75883761,0.354520604
*CC(*)C(=O)Oc1ccc(Cl)cc1Cl,-9.383865139,1.050736107
*CC(*)C(=O)Oc1c(Cl)c(Cl)c(Cl)c(Cl)c1Cl,-9.642746402,0.40124743
*CC(*)C(=O)N(C)C,-9.103127512,2.607217469
*CC(*)(C)C(=O)OCCOC,-9.706467207,2.314897365
*CC(*)(C)C(=O)OCC(C)O,-10.1030019,2.272146327
*CC(*)(C)C(=O)OCCC#N,-10.74703004,2.055495271
*CC(*)(C)C(=O)OCCO[N+](=O)[O-],-10.73165111,0.692716732
*CC(*)(C)C(=O)OCCS(=O)CC,-8.762812656,2.132067819
*CC(*)(C)C(=O)Oc1ccc(CC#N)cc1,-9.33652469,1.312483192
*CC(*)(C)C(=O)Oc1ccc(C(=O)OC)cc1,-9.356371766,0.725258221
*CC(*)(CC)C(=O)OCC,-10.19572786,2.576366928
*CC(*)(CC(=O)OCC)C(=O)OCC,-10.1485571,2.504431367
*CC(*)(CC(=O)OCCCC)C(=O)OCCCC,-10.23964606,2.377459032
*CC(*)(CC(=O)OC1CCCCC1)C(=O)OC1CCCCC1,-10.03783101,2.267557796
*CC(*)(CC(=O)OCC1CCCCC1)C(=O)OCC1CCCCC1,-10.10783538,2.313186293
*CC(*)(CC(=O)OCCC1CCCCC1)C(=O)OCCC1CCCCC1,-10.02656356,2.291162966
*CC(*)(CC(=O)OCCCC1CCCCC1)C(=O)OCCCC1CCCCC1,-10.22655391,2.418610339
*CC(*)(CC(=O)Oc1ccccc1)C(=O)Oc1ccccc1,-9.212333916,1.593179384
*CC(*)(CC(=O)OCc1ccccc1)C(=O)OCc1ccccc1,-8.896202441,1.443457955
*CC(*)(CC(=O)OCCc1ccccc1)C(=O)OCCc1ccccc1,-9.025477838,1.53935474
*CC(*)(CC(=O)OCCCc1ccccc1)C(=O)OCCCc1ccccc1,-9.042956757,1.679773829
*CC(*)(C)C(=O)Oc1ccc(C#N)cc1,-9.565804963,0.487433906
*CC(*)(CC(=O)OC)C(=O)OC,-10.32436453,2.382611855
*C(*)C(=O)OCC,-10.30957736,2.661361583
*C(*)C(=O)OC,-10.36075061,2.73503094
*C(*)C(=O)OCCC,-10.29273587,2.748685545
*CC(*)(CC(=O)OCCC)C(=O)OCCC,-10.25801798,2.273482444
*CC(*)C(=O)OCCO,-10.41252972,2.494257739
*CC(*)(CCC(C)C(=O)OC)C(=O)OC,-10.196576,2.540987862
*CC(*)C(=O)OC1CCCCCCCCCCC1,-10.1986955,2.752211027
*C(C*)Cl,-10.7910293,2.607969835
*C(C*)(F)F,-12.03086569,3.060605367
*CC(*)(Cl)Cl,-11.09328383,1.925243582
*C(F)C(*)(F)F,-12.09592074,3.16476733
*C(F)(F)C(F)(F)*,-12.26964882,3.169479714
*C(C(*)(F)F)(Cl)F,-11.70590857,2.245505041
*CCC=C(*)Cl,-9.451201666,2.155786955
*C(F)(F)C(*)(F)C(F)(F)F,-12.62357945,3.044111121
*/C(=C/CC*)C,-9.181503312,2.751097159
*CC/C=C(\*)C,-9.185116987,2.790784659
*CC/C=C(/*)Cl,-9.491743731,2.172294422
*CC/C=C(\*)Cl,-9.452094454,2.156690888
*CC(*)C=C,-9.621201479,2.832195523
*CCC=C(*)C,-9.185203686,2.790853971
*OCC*,-10.19829425,2.82097821
*OC(C*)C,-10.16372415,2.774979043
*CC(CCl)O*,-10.498401,2.582549262
*CCCCO*,-10.13048344,2.836765735
*Oc1c(cc(cc1C)*)C,-8.319106119,2.137960247
*Oc1c(OC)cc(*)cc1OC,-7.857678535,2.379005351
*Oc1c(-c2ccccc2)cc(*)cc1-c1ccccc1,-8.255523176,1.025960024
*C(=O)OCCOC(=O)c1ccc(*)o1,-9.336760468,0.798588075
*CCOCCOC(=O)c1cccc(C(=O)O*)c1,-9.799783607,0.22722437
*CCOc1ccc(C(=O)OCCOC(=O)c2ccc(O*)cc2)cc1,-8.763815561,0.940341323
*CCCCOc1ccc(C(=O)OCCOC(=O)c2ccc(O*)cc2)cc1,-8.746487916,0.945744277
*Oc1ccc(NC(=O)c2cccc(C(=O)Nc3ccc(*)cc3)c2)cc1,-8.014586702,0.31610264
*Oc1ccc(cc1)S(=O)(=O)c1ccc(cc1)*,-9.144884041,0.552799522
*Oc1ccc(cc1)S(=O)(=O)c1ccc(cc1)Oc1ccc(cc1)C(c1ccc(cc1)*)(C)C,-8.820213524,0.77512993
*Oc1ccc(S(=O)(=O)c2ccc(Oc3ccc(Cc4ccc(*)cc4)cc3)cc2)cc1,-8.819603553,0.764521385
*Oc1ccc(cc1)C(c1ccc(cc1)OCC(C*)O)(C)C,-8.183126893,1.631294424
*CC1CC(*)OC(CCC)O1,-9.896481927,2.758595399
*Oc1ccc(cc1)Oc1ccc(cc1)C(=O)c1ccc(cc1)*,-8.179879519,0.303145981
*Oc1cccc(S(=O)(=O)c2ccc(*)cc2)c1,-9.144839399,0.394358774
*Oc1ccc(S(=O)(=O)c2ccc(Oc3ccc(C(c4ccc(*)cc4)(C(F)(F)F)C(F)(F)F)cc3)cc2)cc1,-8.901293598,0.587227582
*Oc1ccc(S(=O)(=O)c2ccc(Oc3c(C)cc(C(C)(C)c4cc(C)c(*)c(C)c4)cc3C)cc2)cc1,-8.676046616,0.776043087
*Oc1ccc(S(=O)(=O)c2ccc(Oc3ccc(-c4ccc(*)cc4)cc3)cc2)cc1,-8.683945732,0.7096556
*Oc1ccc(Oc2ccc(Oc3ccc(S(=O)(=O)c4ccc(*)cc4)cc3)cc2)cc1,-8.792018369,0.585740635
*CCOCC(=O)O*,-9.927214636,2.473043281
*CCOCCOC(=O)c1ccc(-c2ccc(C(=O)O*)cc2)cc1,-9.089881513,-0.113901404
*Oc1ccc(S(=O)(=O)c2ccc(Oc3ccc(C(=O)c4cccc(C(=O)c5ccc(*)cc5)c4)cc3)cc2)cc1,-8.883116938,-0.154628893
*CCCCCCOC(=O)Nc1ccc(C)c(NC(=O)OCCCCCCOc2ccc(-c3ccc(O*)cc3)cc2)c1,-7.622634567,1.446313083
*CS*,-9.145269156,2.239818601
*CCS*,-9.111088618,2.276846258
*CCCSS*,-9.252925714,1.073212108
*Sc1ccc(cc1)*,-9.442511901,1.375796974
*Oc1ccc(Sc2ccc(OC(*)=O)cc2)cc1,-8.209443755,1.292142022
*OC(=O)CCC(=O)OCC*,-10.2838602,2.202027349
*CCCCOC(=O)CCC(=O)O*,-10.34690602,2.390376257
*OC(=O)CCCCCCCCC(=O)OCC*,-10.29569892,2.497149592
*CCCCCCOC(=O)CCCCCCCCC(=O)O*,-10.1382159,2.587927741
*OC(=O)c1ccc(cc1)C(=O)OCC*,-9.86940529,-0.056776773
*OC(=O)c1cc(ccc1)C(=O)OCC*,-9.883263002,0.314307244
*OC(=O)c1ccc(cc1)C(=O)OCCCC*,-9.900562856,-0.062095464
*CCCCCCOC(=O)c1ccc(C(=O)O*)cc1,-9.872235514,-0.059713013
*Oc1ccc(cc1)C(c1ccc(cc1)OC(=O)c1ccc(cc1)C(=O)*)(C)C,-8.372041147,-0.41005179
*Oc1ccc(cc1)C(c1ccc(cc1)OC(=O)c1cc(ccc1)C(=O)*)(C)C,-8.368348927,-0.051060272
*OC(=O)c1cc2c(cc1)ccc(c2)C(=O)OCC*,-8.751410488,-0.003381923
*OC(=O)c1cc2c(cc1)cc(cc2)C(=O)OCC*,-8.972402017,-0.381874253
*CCCCOC(=O)CCCCC(=O)O*,-10.16271074,2.49201838
*Oc1ccc(C2(c3ccc(OC(=O)c4cccc(C(*)=O)c4)cc3)c3ccccc3-c3ccccc32)cc1,-8.183044237,-0.002639534
*CCOC(=O)c1cccc2c(C(=O)O*)cccc12,-8.665802071,-0.198805781
*CCOC(=O)c1ccc(C(=O)O*)c2ccccc12,-8.613538789,-0.315991776
*CCCCCC(=O)O*,-10.35921951,2.430940578
*CCCOC(=O)c1ccc(C(=O)O*)cc1,-9.875777106,-0.063690815
*Oc1ccc(cc1)c1ccc(cc1)OC(=O)CCCCCC(=O)*,-7.977334557,1.456764496
*Oc1ccc(-c2ccc(OC(=O)CCCCCCC(*)=O)cc2)cc1,-8.120768214,1.259914999
*Oc1ccc(-c2ccc(OC(=O)CCCCCCCC(*)=O)cc2)cc1,-8.125531801,1.259913059
*Oc1ccc(-c2ccc(OC(=O)CCCCCCCCC(*)=O)cc2)cc1,-8.145573642,1.141537699
*Oc1ccc(-c2ccc(OC(=O)CCCCCCCCCC(*)=O)cc2)cc1,-8.30472338,1.003405309
*Oc1c(cc(cc1)OC(=O)c1ccc(cc1)c1ccc(cc1)C(=O)*)C,-8.459542721,-0.279485116
*Oc1ccc(cc1)S(=O)(=O)c1ccc(cc1)OC(=O)c1ccc(cc1)C(=O)*,-9.193066337,-0.586805627
*Oc1ccc(-c2ccc(OC(=O)CCCCCCCCCCC(*)=O)cc2)cc1,-8.176742065,1.17725327
*Oc1ccc(-c2ccc(OC(=O)CCCCCCCCCCCC(*)=O)cc2)cc1,-8.063209711,1.175143317
*Oc1ccc(-c2ccc(OC(=O)CCCCCCCCCCCCC(*)=O)cc2)cc1,-8.084421865,1.400699143
*CC1CCC(COC(=O)CCC(=O)O*)CC1,-10.32036107,2.401803211
*OC(C)CC(*)=O,-9.904613611,1.711796287
*OC(C)C(*)=O,-10.3714958,1.221335447
*CC(C)(CCC)C(=O)O*,-10.26144329,2.599816784
*OC(=O)c1ccc(cc1)c1ccc(cc1)C*,-8.782208799,0.299482376
*CC1CCC(COC(=O)CCCCCCCCC(=O)O*)CC1,-10.22657764,2.46035504
*OC(=O)c1ccc(cc1)C(=O)NCCNC(=O)c1ccc(cc1)C(=O)OCCCCCCCCCC*,-9.819550037,-0.167613238
*CCOC(=O)C1CCC(C(=O)O*)CC1,-10.1803966,2.315351131
*OC(=O)c1ccc(cc1)c1ccc(cc1)C(=O)OCC*,-9.01514469,-0.040058732
*OC(=O)CCCCCNC(=O)CCCCC(=O)NCCCCCC(=O)OCCCCCC*,-9.695133262,1.776199445
*CCCCCCOC(=O)CCCCCCCC(=O)O*,-10.170196,2.527599869
*CCCCCCOC(=O)c1ccc(-c2ccc(C(=O)O*)cc2)cc1,-9.01805128,-0.044912584
*CC(C)(C)COC(=O)CCC(=O)O*,-10.39449941,2.268205553
*Oc1ccc(cc1)C(c1ccc(cc1)OC(=O)CCCCC(=O)*)(C)C,-8.189320445,1.519304677
*CCCCCCOC(=O)c1ccc2cc(C(=O)O*)ccc2c1,-8.923720691,-0.376881594
*CCCCCOC(=O)c1ccc2cc(C(=O)O*)ccc2c1,-8.962337458,-0.383725455
*CCCCOC(=O)c1ccc2cc(C(=O)O*)ccc2c1,-8.960446806,-0.380184021
*CCCOC(=O)c1ccc2cc(C(=O)O*)ccc2c1,-8.897389832,-0.348490865
*CCCCNC(=O)CCCCC(=O)N*,-9.404649157,2.626332759
*NC(=O)CCCCC*,-9.67453851,2.615088761
*NC(=O)CCCCC(=O)NCCCCCC*,-9.53230717,2.495673972
*NC(=O)CCCCCCCCC(=O)NCCCCCC*,-9.367625182,2.5792359
*CCCCCCC(=O)N*,-9.678706359,2.608362492
*NC(=O)CCCCCCC*,-9.680520817,2.604672327
*CCCCCCCCNC(=O)CCCCCCCCC(=O)N*,-7.464878994,-5.996818221
*CCCCCCCCC(=O)N*,-9.678782236,2.602603364
*CCCCCCCCCC(=O)N*,-9.683847731,2.601111601
*NC(=O)CCCCCCCCCC*,-9.673663929,2.612193976
*CCCCCCCCCCCC(=O)N*,-9.678360273,2.606036824
*CCCCCCCCCCCCC(=O)N*,-9.672534513,2.613592297
*NC(=O)c1ccc(cc1)CC(=O)NCCCCCC*,-9.26369688,0.771063458
*NC(=O)c1cc(ccc1)C(=O)Nc1ccc(cc1)c1ccc(cc1)*,-8.093918332,0.335345469
*CCCCCCNC(=O)c1cccc(C(=O)N*)c1,-9.594704387,0.616944118
*NC(=O)c1ccc(cc1)CC(=O)NCCC*,-9.268963239,0.805330189
*NC1CC(C)(C)CC(C)(CNC(=O)CCCCC(*)=O)C1,-9.124707314,1.121530982
*Cc1cccc(CNC(=O)CCCCC(=O)N*)c1,-9.311733129,1.371227914
*NC(=O)c1ccc(cc1)C(=O)Nc1ccc(cc1)*,-8.598231297,0.148476828
*NC(=O)c1ccc(cc1)C(=O)Nc1ccc(cc1)c1ccc(cc1)*,-8.185376719,0.095953883
*NC(=O)c1ccc(cc1)C(=O)NCCCCCC*,-9.578360984,0.335603938
*CCCCCCCCCNC(=O)c1ccc(C(=O)N*)cc1,-9.581117646,0.339575016
*S(=O)(=O)c1ccc(cc1)NC(=O)CCCCC(=O)Nc1ccc(cc1)*,-8.600192877,0.51034335
*NC(=O)C*,-9.663639917,2.554522439
*NC(CCC(=O)OC)C(*)=O,-9.428620249,1.682821552
*C(=O)CCCCCCCCC(=O)N1CCN(*)CC1,-8.886014518,1.727644199
*CCCC(=O)N*,-9.678817801,2.599752461
*CCCCNC(=O)CCCCCCC(=O)N*,-9.431398139,2.574221941
*CCCCNC(=O)CCCCCCCCC(=O)N*,-9.422603616,2.558549464
*CCCCCCCCCCCNC(=O)CCCCC(=O)N*,-9.377380025,2.449848666
*CCCCCCCCCCCCNC(=O)CCCCCCCCCCC(=O)N*,-8.955810616,1.93774131
*NC(=O)c1ccc(cc1)c1ccc(cc1)C(=O)NCCCCCC*,-8.881350476,0.228612995
*NC(=O)c1ccc(cc1)C(c1ccc(cc1)C(=O)NCCCCCC*)(C)C,-9.067514394,0.834519138
*CCCCCCCCCCC(=O)N(*)C,-9.55301236,2.621389735
*N(C(=O)CCCCC(=O)NCCCCCC*)C,-7.594675911,-5.522179378
*N(C(=O)CCCCC(=O)N(CCCCCC*)C)C,-9.133731738,2.497837424
*N1C(CCC1)C(=O)*,-9.397726596,1.393559646
*NC(C(=O)*)CCC(=O)OCc1ccccc1,-9.397963167,1.468158856
*NC(C(=O)*)C,-9.401506293,1.567733295
*NC1CCC(CC2CCC(NC(=O)CCCCCCCCCCCCC(*)=O)CC2)CC1,-9.138081807,1.759867849
*NC(CCC(=O)OCCCCC)C(*)=O,-9.432867758,1.67784626
*NC(CCC(=O)OCCCCCC)C(*)=O,-9.499139649,1.573256409
*NC(CCC(=O)OCC)C(*)=O,-9.419697073,1.68998195
*NC(CCC(=O)OCCC)C(*)=O,-9.430267504,1.679965346
*N(C(=O)c1ccc(cc1)C(=O)N(CCCC*)C)C,-9.255838358,0.580744816
*CCCCCCNC(=O)c1ccc(C2(C)CC(C)(C)c3ccc(C(=O)N*)cc32)cc1,-9.133643696,0.877497862
*OC(=O)NCCCCC*,-9.696999834,2.77707045
*OC(=O)NCCCCCCNC(=O)OCCCC*,-9.588851397,1.836330303
*OC(=O)NCC(C(C(C(CNC(=O)OCCCC*)(F)F)(F)F)(F)F)(F)F,-10.34118009,1.94494059
*OC(=O)Nc1ccc(cc1)Cc1ccc(cc1)NC(=O)OCCCCCC*,-8.21623837,1.580518925
*OC(=O)Nc1ccc(cc1)Cc1ccc(cc1)NC(=O)OCc1cc(ccc1)C*,-8.222702103,1.576981173
*OC(=O)Nc1ccc(cc1)NC(=O)OCC*,-8.084824202,1.688746397
*OC(=O)Nc1cc(ccc1)NC(=O)OCC*,-8.403788754,1.68822905
*OC(=O)Nc1ccc(cc1)NC(=O)OCCCCCC*,-8.087839268,1.683945107
*OC(=O)Nc1ccc(cc1)c1ccc(cc1)NC(=O)OCC*,-7.910118484,1.115132012
*OC(=O)Nc1c2c(ccc1)c(ccc2)NC(=O)OCC*,-7.881642583,0.588244209
*NC(=O)NCCCCCC*,-9.536124257,2.347435057
*NC(=O)NCc1ccc(cc1)CNC(=O)NCCCCCC*,-8.858607033,1.723317137
*NC(=O)NCCCCCCNC(=O)Nc1ccc(cc1)Cc1ccc(cc1)*,-8.087047416,1.753231298
*NC(=O)Nc1ccc(cc1)Cc1ccc(cc1)*,-8.168784186,1.751502492
*C(CCCCNC(=O)NCCCCCCNC(=O)N*)C(=O)OC,-9.326412378,2.469229721
*c1ccc(Oc2ccc(N3C(=O)c4cc5C(=O)N(*)C(=O)c5cc4C3=O)cc2)cc1,-8.560523724,-1.326073128
*c1ccc(Oc2ccc(Oc3ccc(N4C(=O)c5cc6C(=O)N(*)C(=O)c6cc5C4=O)cc3)cc2)cc1,-8.547512675,-1.300732387
*C(=O)Oc1ccc(OC(=O)c2ccc3c(c2)C(=O)N(c2ccc(Oc4ccc(N5C(=O)c6ccc(*)cc6C5=O)cc4)cc2)C3=O)cc1,-8.349674133,-0.788239414
*c1ccc(Sc2ccc(-n3c(=O)c4cc5c(=O)n(*)c(=O)c5cc4c3=O)cc2)cc1,-8.279557813,-1.351234199
*n1c(=O)c2cc3c(cc2c1=O)c(=O)n(c3=O)CCCCCCCCC*,-10.27658598,-1.274638199
*c1ccc(Oc2ccc(N3C(=O)c4ccc(Oc5ccc6c(c5)C(=O)N(*)C6=O)cc4C3=O)cc2)cc1,-8.433747973,-0.616026454
*c1cc2c(C(=O)N(C2=O)c2ccc(cc2)S(=O)(=O)c2ccc(cc2)N2C(=O)c3c(C2=O)cc(cc3)C(=O)Nc2ccc(cc2)NC(=O)*)cc1,-8.37773952,-0.893654122
*c1ccc2c(c1)C(=O)N(c1ccc(Cc3ccc(N4C(=O)c5ccc(C(F)(F)C(F)(F)C(*)(F)F)cc5C4=O)cc3)cc1)C2=O,-8.637883028,-0.595092484
*c1cc2c(C(=O)N(C2=O)c2ccc(cc2)Oc2ccc(cc2)N2C(=O)c3c(C2=O)cc(cc3)C(C(C(*)(F)F)(F)F)(F)F)cc1,-8.398226332,-0.706105182
*c1cc2c(C(=O)N(C2=O)c2ccc(cc2)S(=O)(=O)c2ccc(cc2)N2C(=O)c3c(C2=O)cc(cc3)C(=O)Nc2ccc(cc2)Oc2ccc(cc2)NC(=O)*)cc1,-8.15100328,-0.881361776
*c1ccc(Cc2ccc(-n3c(=O)c4cc5c(=O)n(*)c(=O)c5cc4c3=O)c(C)c2)cc1C,-8.879379867,-1.279967322
*c1ccc(-c2ccc(-n3c(=O)c4cc5c(=O)n(*)c(=O)c5cc4c3=O)c(C)c2)cc1C,-8.637892094,-1.29769575
*c1ccc(-c2ccc(-n3c(=O)c4cc5c(=O)n(*)c(=O)c5cc4c3=O)c(OC)c2)cc1OC,-8.420566447,-1.168018352
*c1cccc(N2C(=O)c3cc4C(=O)N(*)C(=O)c4cc3C2=O)c1,-9.280570524,-1.339438628
*c1ccc(-n2c(=O)c3cc4c(=O)n(*)c(=O)c4cc3c2=O)c(C)c1,-9.362286081,-1.30712918
*c1cccc(-n2c(=O)c3cc4c(=O)n(*)c(=O)c4cc3c2=O)c1C,-9.362522604,-1.307227609
*c1c(C)c(C)c(-n2c(=O)c3cc4c(=O)n(*)c(=O)c4cc3c2=O)c(C)c1C,-8.748963652,-1.261083133
*c1ccc(Oc2cccc(Oc3ccc(N4C(=O)c5cc6C(=O)N(*)C(=O)c6cc5C4=O)cc3)c2)cc1,-8.472053674,-1.328583224
*c1ccc(Oc2ccc(-c3ccc(Oc4ccc(-n5c(=O)c6cc7c(=O)n(*)c(=O)c7cc6c5=O)cc4)cc3)cc2)cc1,-8.140887964,-1.336668303
*c1cccc(Oc2ccc(S(=O)(=O)c3ccc(Oc4cccc(-n5c(=O)c6cc7c(=O)n(*)c(=O)c7cc6c5=O)c4)cc3)cc2)c1,-8.826845092,-1.510733918
*c1ccc(Oc2ccc(C(c3ccc(Oc4ccc(-n5c(=O)c6cc7c(=O)n(*)c(=O)c7cc6c5=O)cc4)cc3)(C(F)(F)F)C(F)(F)F)cc2)cc1,-8.668591982,-1.396749004
*c1ccc(Oc2ccc(C(C)(C)c3ccc(Oc4ccc(N5C(=O)c6cc7C(=O)N(*)C(=O)c7cc6C5=O)cc4)cc3)cc2)cc1,-8.347253158,-1.287701917
*c1ccc(Oc2ccc(N3C(=O)c4ccc(-c5ccc6c(c5)C(=O)N(*)C6=O)cc4C3=O)cc2)cc1,-8.431723255,-0.865257212
*c1ccc(Oc2ccc(N3C(=O)c4ccc(-c5cccc6c5C(=O)N(*)C6=O)cc4C3=O)cc2)cc1,-8.353255092,-0.667736986
*N1C(=O)c2c(C1=O)cc(cc2)c1cc2c(C(=O)N(C2=O)c2ccc(cc2)Sc2ccc(cc2)*)cc1,-8.166579242,-0.894054801
*c1ccc(Cc2ccc(N3C(=O)c4ccc(-c5ccc6c(c5)C(=O)N(*)C6=O)cc4C3=O)cc2)cc1,-8.757433602,-0.85156332
*c1ccc2c(c1)Cc1cc(N3C(=O)c4ccc(-c5ccc6c(c5)C(=O)N(*)C6=O)cc4C3=O)ccc1-2,-8.203545949,-0.856970908
*N1C(=O)c2c(C1=O)cc(cc2)c1cc2c(C(=O)N(C2=O)c2ccc(cc2)c2ccc(cc2)*)cc1,-8.518180993,-0.873109644
*c1ccc(N2C(=O)c3ccc(-c4ccc5c(c4)C(=O)N(*)C5=O)cc3C2=O)cc1,-9.07198602,-0.866962757
*c1cccc(N2C(=O)c3ccc(-c4ccc5c(c4)C(=O)N(*)C5=O)cc3C2=O)c1,-9.07126197,-0.867405902
*c1ccc(C)c(N2C(=O)c3ccc(-c4ccc5c(c4)C(=O)N(*)C5=O)cc3C2=O)c1,-9.190713063,-0.842717964
*c1ccc(N2C(=O)c3ccc(-c4ccc5c(c4)C(=O)N(*)C5=O)cc3C2=O)c(C)c1,-9.189483692,-0.841316582
*c1cccc(N2C(=O)c3ccc(-c4ccc5c(c4)C(=O)N(*)C5=O)cc3C2=O)c1C,-9.189502489,-0.841332507
*c1ccc(-c2ccc(N3C(=O)c4ccc(-c5ccc6c(c5)C(=O)N(*)C6=O)cc4C3=O)c(C)c2)cc1C,-8.542066168,-0.837811664
*c1ccc(-c2ccc(N3C(=O)c4ccc(-c5ccc6c(c5)C(=O)N(*)C6=O)cc4C3=O)c(OC)c2)cc1OC,-8.329095325,-0.747221878
*c1ccc(-c2ccc(-c3ccc(N4C(=O)c5ccc(-c6ccc7c(c6)C(=O)N(*)C7=O)cc5C4=O)cc3)cc2)cc1,-8.234877879,-0.87656714
*c1cccc2c(N3C(=O)c4ccc(-c5ccc6c(c5)C(=O)N(*)C6=O)cc4C3=O)cccc12,-8.547444029,-0.814609295
*c1ccc(Cc2ccc(N3C(=O)c4ccc(-c5ccc6c(c5)C(=O)N(*)C6=O)cc4C3=O)c(C)c2)cc1C,-8.827829153,-0.821844664
*c1ccc(N2C(=O)c3ccc(-c4ccc5c(c4)C(=O)N(*)C5=O)cc3C2=O)nc1,-9.384326144,-0.819095808
*c1ccc(Oc2ccc(-c3ccc(Oc4ccc(N5C(=O)c6ccc(-c7ccc8c(c7)C(=O)N(*)C8=O)cc6C5=O)cc4)cc3)cc2)cc1,-8.066896823,-0.867890516
*c1ccc(Oc2ccc(C(C)(C)c3ccc(Oc4ccc(N5C(=O)c6ccc(-c7ccc8c(c7)C(=O)N(*)C8=O)cc6C5=O)cc4)cc3)cc2)cc1,-8.305874547,-0.860392845
*c1ccc(Oc2ccc(C(c3ccc(Oc4ccc(N5C(=O)c6ccc(-c7ccc8c(c7)C(=O)N(*)C8=O)cc6C5=O)cc4)cc3)(C(F)(F)F)C(F)(F)F)cc2)cc1,-8.599594655,-0.921578425
*c1cccc(Oc2ccc(S(=O)(=O)c3ccc(Oc4cccc(N5C(=O)c6ccc(-c7ccc8c(c7)C(=O)N(*)C8=O)cc6C5=O)c4)cc3)cc2)c1,-8.720724929,-0.952661564
*N1C(=O)c2c(C1=O)cc(cc2)Oc1cc2c(C(=O)N(C2=O)CCCCCC*)cc1,-9.3435001,-0.535928612
*c1ccc(N2C(=O)c3ccc(Oc4ccc5c(c4)C(=O)N(*)C5=O)cc3C2=O)cc1,-9.044807821,-0.529725575
*N1C(=O)c2c(C1=O)cc(cc2)Oc1cc2c(C(=O)N(C2=O)c2ccc(cc2)c2ccc(cc2)*)cc1,-8.515144097,-0.626496978
*c1cccc(Oc2ccc(N3C(=O)c4ccc(Oc5ccc6c(c5)C(=O)N(*)C6=O)cc4C3=O)cc2)c1,-8.448449264,-0.618504313
*c1ccc(Oc2cccc(Oc3ccc(N4C(=O)c5ccc(Oc6ccc7c(c6)C(=O)N(*)C7=O)cc5C4=O)cc3)c2)cc1,-8.346269579,-0.702043401
*c1ccc(Oc2ccc(Oc3ccc(N4C(=O)c5ccc(Oc6ccc7c(c6)C(=O)N(*)C7=O)cc5C4=O)cc3)cc2)cc1,-8.331138638,-0.602968093
*c1cccc(Oc2ccc(N3C(=O)c4ccc(C(c5ccc6c(c5)C(=O)N(*)C6=O)(C(F)(F)F)C(F)(F)F)cc4C3=O)cc2)c1,-8.490688168,-0.765629348
*c1ccc(Oc2ccc(N3C(=O)c4ccc(C(c5ccc6c(c5)C(=O)N(*)C6=O)(C(F)(F)F)C(F)(F)F)cc4C3=O)cc2)cc1,-8.494736203,-0.76227754
*c1ccc(Oc2ccc(Oc3ccc(N4C(=O)c5ccc(C(c6ccc7c(c6)C(=O)N(*)C7=O)(C(F)(F)F)C(F)(F)F)cc5C4=O)cc3)cc2)cc1,-8.510311427,-0.740579257
*c1ccc2c(c1)C(=O)N(c1ccc(Oc3cccc(Oc4ccc(N5C(=O)c6ccc(C(*)(C(F)(F)F)C(F)(F)F)cc6C5=O)cc4)c3)cc1)C2=O,-8.343748635,-0.649792157
*c1ccc2c(c1)C(=O)N(c1cccc(Oc3cccc(Oc4cccc(N5C(=O)c6ccc(C(*)(C(F)(F)F)C(F)(F)F)cc6C5=O)c4)c3)c1)C2=O,-8.271246804,-0.784576898
*c1cc2c(C(=O)N(C2=O)c2cc(ccc2)C(=O)c2cc(ccc2)N2C(=O)c3c(C2=O)cc(cc3)C(=O)*)cc1,-9.206629038,-0.946066945
*c1cc2c(C(=O)N(C2=O)c2cc(ccc2)NC(=O)c2cc(ccc2)N2C(=O)c3c(C2=O)cc(cc3)C(=O)*)cc1,-8.535695771,-1.13219964
*C(=O)c1ccc2c(c1)C(=O)N(c1cccc(C(=O)Nc3ccc(N4C(=O)c5ccc(*)cc5C4=O)cc3)c1)C2=O,-8.353520182,-1.022108512
*C(=O)c1ccc2c(c1)C(=O)N(c1ccc(C(=O)Nc3cccc(N4C(=O)c5ccc(*)cc5C4=O)c3)cc1)C2=O,-8.520736551,-1.049599345
*C(=O)c1ccc2c(c1)C(=O)N(c1cccc(C(=O)N(C)c3ccc(N4C(=O)c5ccc(*)cc5C4=O)cc3)c1)C2=O,-8.646873762,-0.922790578
*C(=O)c1ccc2c(c1)C(=O)N(c1ccc(Oc3ccc(C(=O)c4cccc(C(=O)c5ccc(Oc6ccc(N7C(=O)c8ccc(*)cc8C7=O)cc6)cc5)c4)cc3)cc1)C2=O,-8.635941965,-0.983313715
*c1cccc(N2C(=O)c3ccc(C(=O)c4ccc5c(c4)C(=O)N(*)C5=O)cc3C2=O)c1,-9.208524976,-1.171606206
*C(=O)c1ccc2c(c1)C(=O)N(c1ccc(C)c(N3C(=O)c4ccc(*)cc4C3=O)c1)C2=O,-8.938220765,-0.938533918
*C(=O)c1ccc2c(c1)C(=O)N(c1ccc(N3C(=O)c4ccc(*)cc4C3=O)c(C)c1)C2=O,-8.932964682,-0.906629128
*C(=O)c1ccc2c(c1)C(=O)N(c1cccc(N3C(=O)c4ccc(*)cc4C3=O)c1C)C2=O,-9.246714854,-0.914595049
*C(=O)c1ccc2c(c1)C(=O)N(c1c(C)c(C)c(N3C(=O)c4ccc(*)cc4C3=O)c(C)c1C)C2=O,-8.775462311,-0.894001341
*C(=O)c1ccc2c(c1)C(=O)N(c1ccc(-c3ccc(N4C(=O)c5ccc(*)cc5C4=O)c(C)c3)cc1C)C2=O,-8.581173583,-0.921962526
*C(=O)c1ccc2c(c1)C(=O)N(c1ccc(-c3ccc(N4C(=O)c5ccc(*)cc5C4=O)c(OC)c3)cc1OC)C2=O,-8.373818054,-0.738568998
*C(=O)c1ccc2c(c1)C(=O)N(c1ccc(-c3ccc(-c4ccc(N5C(=O)c6ccc(*)cc6C5=O)cc4)cc3)cc1)C2=O,-8.203739262,-0.966259721
*C(=O)c1ccc2c(c1)C(=O)N(c1ccc3c(c1)Cc1cc(N4C(=O)c5ccc(*)cc5C4=O)ccc1-3)C2=O,-8.128158476,-0.939115942
*c1ccc(Oc2ccc(N3C(=O)c4ccc(C(=O)c5ccc6c(c5)C(=O)N(*)C6=O)cc4C3=O)cc2)cc1,-8.489282493,-1.138534967
*C(=O)c1ccc2c(c1)C(=O)N(c1ccc(Sc3ccc(N4C(=O)c5ccc(*)cc5C4=O)cc3)cc1)C2=O,-8.130574467,-0.966411417
*C(=O)c1ccc2c(c1)C(=O)N(c1ccc(Cc3ccc(N4C(=O)c5ccc(*)cc5C4=O)cc3)cc1)C2=O,-8.684402065,-0.92682649
*C(=O)c1ccc2c(c1)C(=O)N(c1ccc(Cc3ccc(N4C(=O)c5ccc(*)cc5C4=O)c(C)c3)cc1C)C2=O,-8.853487717,-0.892913476
*C(=O)c1ccc2c(c1)C(=O)N(c1ccc(N3C(=O)c4ccc(*)cc4C3=O)nc1)C2=O,-10.09100559,-1.036155025
*C(=O)c1ccc2c(c1)C(=O)N(c1ccc(-c3ccc(N4C(=O)c5ccc(*)cc5C4=O)cc3)cc1)C2=O,-8.422059738,-0.96068797
*c1ccc(N2C(=O)c3ccc(C(=O)c4ccc5c(c4)C(=O)N(*)C5=O)cc3C2=O)cc1,-9.183645011,-1.143201702
*c1cc2c(C(=O)N(C2=O)c2cc(ccc2)OCCOCCOc2cc(ccc2)N2C(=O)c3c(C2=O)cc(cc3)C(=O)*)cc1,-8.555135029,-0.947132731
*C(=O)c1ccc2c(c1)C(=O)N(c1ccc(Oc3ccc(-c4ccc(Oc5ccc(N6C(=O)c7ccc(*)cc7C6=O)cc5)cc4)cc3)cc1)C2=O,-8.072195893,-0.911084275
*c1ccc(Oc2ccc(C(C)(C)c3ccc(Oc4ccc(N5C(=O)c6ccc(C(=O)c7ccc8c(c7)C(=O)N(*)C8=O)cc6C5=O)cc4)cc3)cc2)cc1,-8.315369312,-1.120180277
*C(=O)c1ccc2c(c1)C(=O)N(c1ccc(Oc3ccc(C(c4ccc(Oc5ccc(N6C(=O)c7ccc(*)cc7C6=O)cc5)cc4)(C(F)(F)F)C(F)(F)F)cc3)cc1)C2=O,-8.536807836,-0.960674398
*N1C(=O)c2c(C1=O)cc(cc2)Oc1ccc(cc1)S(=O)(=O)c1ccc(cc1)Oc1cc2c(C(=O)N(C2=O)c2cc(ccc2)S(=O)(=O)c2cc(ccc2)*)cc1,-9.311452988,-0.693567253
*c1cccc(N2C(=O)c3ccc(Oc4ccc(C(C)(C)c5ccc(Oc6ccc7c(c6)C(=O)N(*)C7=O)cc5)cc4)cc3C2=O)c1,-8.806555218,-0.213864008
*N1C(=O)c2c(C1=O)cc(cc2)Oc1ccc(cc1)S(=O)(=O)c1ccc(cc1)Oc1cc2c(C(=O)N(C2=O)c2cc(ccc2)*)cc1,-9.013862664,-0.511461041
*N1C(=O)c2c(C1=O)cc(cc2)Oc1ccc(cc1)S(=O)(=O)c1ccc(cc1)Oc1cc2c(C(=O)N(C2=O)c2ccc(cc2)Oc2ccc(cc2)*)cc1,-8.398345804,-0.497274713
*c1ccc2c(c1)C(=O)N(c1ccc(Cc3ccc(N4C(=O)c5ccc(C(*)(C(F)(F)F)C(F)(F)F)cc5C4=O)cc3)cc1)C2=O,-8.667702173,-0.601117296
*c1ccc2c(c1)C(=O)N(c1ccc(C(C)(C)c3ccc(N4C(=O)c5ccc(C(*)(C(F)(F)F)C(F)(F)F)cc5C4=O)cc3)cc1)C2=O,-8.593604331,-0.584513671
*C(=O)NCCNC(=O)c1ccc(N2C(=O)c3ccc(*)cc3C2=O)cc1,-8.853878795,-0.283208669
*c1cc2c(C(=O)N(C2=O)c2ccc(cc2)C(=O)NCCCCCCNC(=O)*)cc1,-9.057035513,-0.430275801
*C(=O)Nc1ccc(Cc2ccc(NC(=O)c3ccc(N4C(=O)c5ccc(*)cc5C4=O)cc3)cc2)cc1,-8.185788652,-0.49504693
*C(=O)NC1CCC(CC2CCC(NC(=O)c3ccc(N4C(=O)c5ccc(*)cc5C4=O)cc3)CC2)CC1,-9.068543887,-0.437925521
*c1cccc(N2C(=O)c3ccc(Oc4ccc5c(c4)C(=O)N(*)C5=O)cc3C2=O)c1,-9.03395616,-0.527392981
*N1C(=O)c2c(C1=O)cc(cc2)Oc1cc2c(C(=O)N(C2=O)c2ccc(cc2)Cc2ccc(cc2)*)cc1,-8.753798825,-0.601921445
*c1ccc(Oc2ccc(N3C(=O)c4ccc(Oc5ccc(C(c6ccc(Oc7ccc8c(c7)C(=O)N(*)C8=O)cc6)(C(F)(F)F)C(F)(F)F)cc5)cc4C3=O)cc2)cc1,-8.324241888,-0.364942832
*c1cccc(Oc2ccc(N3C(=O)c4ccc(-c5ccc6c(c5)C(=O)N(*)C6=O)cc4C3=O)cc2)c1,-8.450000578,-0.86631032
*C(=O)Nc1ccccc1NC(=O)c1ccc(N2C(=O)c3ccc(*)cc3C2=O)cc1,-8.548852658,-0.561472699
*C(=O)Nc1cccc(NC(=O)/C=C/c2cccc(N3C(=O)c4ccc(*)cc4C3=O)c2)c1,-8.293906218,-0.531820279
*C(=O)Nc1cccc(/C=C/C(=O)/C=C/c2cccc(NC(=O)c3ccc(N4C(=O)c5ccc(*)cc5C4=O)cc3)c2)c1,-8.51886232,-0.590771128
*c1ccc2c(c1)C(=O)N(c1ccc(Oc3ccc(N4C(=O)c5ccc(C(C)(C)CCCCC(*)(C)C)cc5C4=O)cc3)cc1)C2=O,-8.229014176,-0.287412955
*c1ccc(Oc2cccc3c(Oc4ccc(-n5c(=O)c6cc7c(=O)n(*)c(=O)c7cc6c5=O)cc4)cccc23)cc1,-8.080625809,-1.288878943
*N1C(=O)c2c(C1=O)cc(cc2)Oc1cc2c(C(=O)N(C2=O)c2ccc(cc2)Oc2c3c(ccc2)c(ccc3)Oc2ccc(cc2)*)cc1,-8.024337398,-0.669708743
*C(=O)c1ccc2c(c1)C(=O)N(c1ccc(Oc3cccc4c(Oc5ccc(N6C(=O)c7ccc(*)cc7C6=O)cc5)cccc34)cc1)C2=O,-8.016396764,-0.848107176
*c1ccc2c(c1)C(=O)N(c1ccc(Oc3ccc(C(c4ccc(Oc5ccc(N6C(=O)c7ccc(C(*)(C(F)(F)F)C(F)(F)F)cc7C6=O)cc5)cc4)(C(F)(F)F)C(F)(F)F)cc3)cc1)C2=O,-8.539838681,-0.691185303
*c1ccc(N2C(=O)c3ccc(C(c4ccc5c(c4)C(=O)N(*)C5=O)(C(F)(F)F)C(F)(F)F)cc3C2=O)cc1,-9.183133805,-0.767943139
*c1ccc2c(c1)C(=O)N(c1ccc(C(c3ccc(N4C(=O)c5ccc(C(*)(C(F)(F)F)C(F)(F)F)cc5C4=O)cc3)(C(F)(F)F)C(F)(F)F)cc1)C2=O,-9.066922664,-0.737950445
*c1ccc2c(c1)C(=O)N(c1c(C)cc(C)c(N3C(=O)c4ccc(C(*)(C(F)(F)F)C(F)(F)F)cc4C3=O)c1C)C2=O,-9.031791508,-0.570523685
*c1ccc2c(c1)C(=O)N(c1c(C)c(C)c(N3C(=O)c4ccc(C(*)(C(F)(F)F)C(F)(F)F)cc4C3=O)c(C)c1C)C2=O,-8.761275788,-0.57212854
*c1ccc(Oc2cc3ccccc3cc2Oc2ccc(N3C(=O)c4ccc(-c5ccc6c(c5)C(=O)N(*)C6=O)cc4C3=O)cc2)cc1,-8.247939732,-0.871963236
*c1ccc(Oc2cc3ccccc3cc2Oc2ccc(N3C(=O)c4ccc(Oc5ccc6c(c5)C(=O)N(*)C6=O)cc4C3=O)cc2)cc1,-8.245974399,-0.529692283
*C(=O)c1ccc2c(c1)C(=O)N(c1ccc(Oc3cc4ccccc4cc3Oc3ccc(N4C(=O)c5ccc(*)cc5C4=O)cc3)cc1)C2=O,-8.356323009,-0.961834522
*c1ccc(Oc2cc3ccccc3cc2Oc2ccc(N3C(=O)c4ccc(S(=O)(=O)c5ccc6c(c5)C(=O)N(*)C6=O)cc4C3=O)cc2)cc1,-8.327974247,-1.21269036
*c1ccc(C(c2ccccc2)(c2ccc(-n3c(=O)c4cc5c(=O)n(*)c(=O)c5cc4c3=O)cc2)C(F)(F)F)cc1,-9.1700851,-1.374434215
*c1ccc(N2C(=O)c3ccc(-c4cccc5c4C(=O)N(*)C5=O)cc3C2=O)cc1,-8.959859609,-0.665683144
*CC1(C)CC(*)(C)C(=O)OC1=O,-10.48413097,1.40948717
*OC(=O)OCCCCCC*,-10.86764459,2.434877515
*OC(=O)OCC(C(C(C(C*)(F)F)(F)F)(F)F)(F)F,-11.49527457,2.290257882
*Oc1ccc(cc1)C(c1ccc(cc1)OC(=O)*)(C)C,-8.352521926,1.562814499
*Oc1ccc(C(C)(CCC)c2ccc(OC(*)=O)cc2)cc1,-8.332481541,1.543513094
*Oc1ccc(C(C)(C)c2ccc(OC(*)=O)c(C)c2)cc1C,-8.201946331,1.666276856
*Oc1c(Cl)cc(C(C)(C)c2cc(Cl)c(OC(*)=O)c(Cl)c2)cc1Cl,-8.954855936,0.774417587
*Oc1c(Br)cc(C(C)(C)c2cc(Br)c(OC(*)=O)c(Br)c2)cc1Br,-8.841146151,0.774076631
*Oc1ccc(C(C)(c2ccccc2)c2ccc(OC(*)=O)cc2)cc1,-8.431132404,1.303349702
*Oc1ccc(C(CCC)(CCC)c2ccc(OC(*)=O)cc2)cc1,-8.322393525,1.595852155
*Oc1ccc(cc1)C1(CCCC1)c1ccc(cc1)OC(=O)*,-8.322513365,1.580294006
*Oc1ccc(C2(c3ccc(OC(*)=O)cc3)CCCCC2)cc1,-8.259314209,1.541963379
*Oc1ccc(C2(c3ccc(OC(*)=O)c(C)c3)CCCCC2)cc1C,-8.216734113,1.703134278
*Oc1ccc(cc1)C1(c2ccccc2c2ccccc12)c1ccc(cc1)OC(=O)*,-8.210881819,0.856360468
*Oc1ccc(cc1)C(c1ccc(cc1)OC(=O)*)(c1ccccc1)c1ccccc1,-8.374869821,1.194914499
*Oc1ccc(cc1)C(c1ccc(cc1)OC(=O)*)(C(F)(F)F)C(F)(F)F,-8.883901515,1.156658145
*Oc1ccc(cc1)C(c1ccc(cc1)OC(=O)*)(c1ccccc1)C#N,-8.764919865,0.928405517
*Oc1c(C)cc(C(C)(C)c2cc(C)c(OC(*)=O)c(C)c2)cc1C,-8.085835269,1.829292735
*Oc1c(cc(cc1)C(c1ccc(cc1)C(c1cc(c(cc1)OC(=O)*)C)(C)C)(C)C)C,-8.1429668,1.632860591
*Oc1cc(ccc1)CCCCCCCCCCc1cc(ccc1)OC(=O)*,-8.406917913,1.539213828
*Oc1ccc(C(C)(C)c2ccc(OC(*)=O)c(C(C)C)c2)cc1C(C)C,-8.216388376,1.578127334
*Oc1ccc(cc1)C(=O)CCCCCCCCC(=O)c1ccc(cc1)OC(=O)*,-8.757447941,0.551348596
*Oc1ccc(cc1)S(=O)(=O)c1ccc(cc1)OC(=O)*,-9.177375527,0.413178399
*OC(=O)OCc1ccc(cc1)C*,-9.118748627,1.600557099
*Oc1ccc(C(=C(Cl)Cl)c2ccc(OC(*)=O)cc2)cc1,-8.335425177,0.718664732
*Oc1ccc(cc1)OC(=O)Oc1ccc(cc1)c1ccc(cc1)OC(=O)*,-8.5716149,0.886740614
*Oc1cc2c(cc1)ccc(c2)OC(=O)Oc1ccc(cc1)OC(=O)*,-8.266865036,0.684873023
*Oc1c2c(ccc1)c(ccc2)OC(=O)Oc1ccc(cc1)OC(=O)*,-8.088968636,0.776098493
*c1ccc(-c2nc3cc(-c4ccc5nc(-c6ccccc6)c(*)nc5c4)ccc3nc2-c2ccccc2)cc1,-8.277859327,-0.458263191
*c1ccc(-c2nc3cc(-c4ccc5nc(*)c(-c6ccccc6)nc5c4)ccc3nc2-c2ccccc2)cc1,-8.377749326,-0.411538389
*c1cccc(-c2nc3cc(-c4ccc5nc(*)c(-c6ccccc6)nc5c4)ccc3nc2-c2ccccc2)c1,-8.377591354,-0.411842825
*c1ccc(-c2nc3cc(-c4ccc5nc(*)c(-c6ccc7ccccc7c6)nc5c4)ccc3nc2-c2ccc3ccccc3c2)cc1,-8.092106765,-0.446476581
*c1cccc(-c2nc3cc(-c4ccc5nc(*)c(-c6ccc7ccccc7c6)nc5c4)ccc3nc2-c2ccc3ccccc3c2)c1,-8.094885441,-0.445916684
*N=P(*)(OCC(F)(F)F)OCC(F)(F)F,-9.250565952,1.875216142
*Oc1ccc(C(=O)c2ccc(*)cc2)cc1,-8.83740931,0.365563259
*CCCCCCS(*)(=O)=O,-10.79568755,2.160671754
*OS(=O)(=O)c1ccc(*)cc1,-10.21912984,0.566773486
*CCc1ccc(*)c(C)c1,-8.837967023,1.989181926
*CCc1cc(C)c(*)cc1C,-8.546187763,2.129191733
*CCc1ccc(*)c(Cl)c1,-9.1462215,1.576037683
*c1ccc(C(Cl)(Cl)C(*)Cl)cc1,-9.671943242,0.751098868
*C1CCC(*)C1,-11.13826483,2.83543397
*C1C2CC(C)C(C2)C1*,-10.42149102,2.798230293
*C1CC2CC1C(*)C2CCCC,-10.31734584,2.768066511
*C1CC2CC1C(*)C2CCCCCC,-10.18601273,2.807797901
*CC(*)(C)c1ccc2ccccc2c1,-8.172071386,0.896555184
*CCC(c1ccccc1)C(*)c1ccccc1,-8.932995565,1.829045068
*/C(Cl)=C(/*)c1ccccc1,-8.652450523,0.682460075
*/C=C(/*)c1ccc(C#C)cc1,-8.416511811,0.405327145
*/C=C(/*)c1cccc(C#C)c1,-8.655754256,0.730294738
*/C=C/C(C(=O)OCc1ccc(Cl)cc1)C(*)C(=O)OCc1ccc(Cl)cc1,-8.875712984,1.468661749
*/C=C(/*)c1ccc(-c2ccc(C#C)cc2)cc1,-8.132992501,0.204040811
*CC(*)C(=O)OCC(C)O,-10.33153086,2.491216627
*CC(*)(CC(=O)OCCCCCCCC)C(=O)OCCCCCCCC,-10.12987927,2.181721491
*CC(*)(CC(=O)OCCCCCCCCC)C(=O)OCCCCCCCCC,-10.085364,2.085959252
*CC(*)C(=O)n1c2ccccc2c2ccccc21,-8.427334997,0.750860519
*CC(*)C(=O)OC(OCC)C(F)(F)F,-10.67840351,2.104139967
*CC(*)(C)C(=O)OC(OCC)C(F)(F)F,-10.5894133,1.988669013
*CC(*)(CC(=O)Oc1ccc(OCCCCCCC)cc1)C(=O)Oc1ccc(OCCCCCCC)cc1,-8.393015987,1.602953921
*CC(*)(C)C(=O)Oc1c(C)cccc1C,-9.035947938,1.986005326
*CC(*)(C)C(=O)OCCCCCCN(C)c1ccc(/N=N/c2ccc(S(C)(=O)=O)cc2)cc1,-7.602516898,-0.419212138
*C([2H])([2H])C(*)(C(=O)OC([2H])([2H])[2H])C([2H])([2H])[2H],-10.24755276,2.53475948
*C(*)C(=O)OC(C)C,-10.24517051,2.698004015
*CC(*)(C)C(=O)Oc1c(C(C)C)cccc1C(C)C,-8.981933807,1.896007949
*CC(*)(C)C(=O)OCC(=O)c1ccccc1,-9.567136018,0.534265058
*CC(*)(C)C(=O)OCc1ccc(Cl)c(Cl)c1,-9.362904047,0.998718557
*CC(*)(C)C(=O)OCc1cccc(Cl)c1,-9.300889835,1.264625506
*CC(*)(C)C(=O)OCc1ccc(Cl)cc1,-9.262353582,1.282491938
*CC(*)(C)C(=O)OCc1cccc(Cl)c1Cl,-9.389821445,1.026576274
*CC(*)(C)C(=O)OCc1ccc(Cl)cc1Cl,-9.433272503,0.993022743
*CC(*)(C)C(=O)OCc1cc(Cl)ccc1Cl,-9.228797537,1.151477677
*CC(*)(C)C(=O)OCc1c(Cl)cccc1Cl,-9.541534075,0.919228674
*CC(*)(C)C(=O)OCc1cc(Cl)cc(Cl)c1,-9.463857626,0.936741498
*/C=C(/*)C(C)(C)C,-9.656746123,2.693859767
*C1C(*)C2CC1C1C=CCC12,-9.008534986,2.688645173
*/C(C)=C(/*)C(C)C,-9.17914197,2.749511016
*OC1C(CO)OC(*)C(O)C1O,-9.980490875,2.493942608
*Oc1cc(C)c(*)c(C)c1Br,-8.565031394,1.695254606
*CCC(C)CO*,-10.07876287,2.729898592
*Oc1ccc2[nH]c(-c3ccc4c(c3)-c3cc(-c5nc6cc(*)ccc6[nH]5)ccc3S4(=O)=O)nc2c1,-8.327361936,-0.59733122
*C1Oc2ccccc2C1*,-8.256903449,1.830350406
*Oc1ccc2[nH]c(-c3ccc4sc5ccc(-c6nc7cc(*)ccc7[nH]6)cc5c4c3)nc2c1,-7.757129643,0.366610337
*OC(F)(F)C(F)(F)C(*)(F)F,-12.37659113,2.205487179
*c1ccc(Oc2ccc(C(=O)c3ccc(Oc4ccc(C5(*)OC(=O)c6ccccc65)cc4)cc3)cc2)cc1,-8.761882931,0.37986542
*Oc1cccc(Oc2cccc(*)c2)c1C#N,-8.879671977,0.444461161
*C(=O)Oc1ccc(C(C)(C)c2ccc(OC(=O)c3ccc4c(c3)C(=O)n3c-4nc4ccc(Oc5ccc6c(c5)nc5n6C(=O)c6ccc(*)cc6-5)cc43)cc2)cc1,-8.215420195,-0.763180798
*Oc1ccc(NC(=O)c2ccc(C(c3ccc(C(=O)O)c(C(=O)Nc4cc(*)ccc4N)c3)(C(F)(F)F)C(F)(F)F)cc2C(=O)O)c(N)c1,-8.051273032,-0.017841386
*c1ccc2c(c1)-c1nc3cc(Oc4ccc5c(c4)nc4n5C(=O)c5cc(C(*)(C(F)(F)F)C(F)(F)F)ccc5-4)ccc3n1C2=O,-8.316234856,-0.765583886
*Oc1ccc(S(=O)(=O)c2ccc(Oc3ccc(C(C)(C)c4ccc(*)cc4)cc3[N+](=O)[O-])cc2)cc1,-8.858477722,-0.354441859
*Oc1ccc(S(=O)(=O)c2ccc(Oc3ccc(C(C)(C)c4ccc(*)cc4)cc3)c([N+](=O)[O-])c2)cc1[N+](=O)[O-],-8.803477983,-1.154776475
*Oc1ccc(S(=O)(=O)c2ccc(Oc3c(C)cc(C(c4cc(C)c(*)c(C)c4)(C(F)(F)F)C(F)(F)F)cc3C)cc2)cc1,-8.940063425,0.698609182
*CC(=C)COCC(=C)COC(=O)O*,-9.786080004,2.105557361
*OC1C(COC(C)=O)OC(*)C(OC(C)=O)C1OC(C)=O,-9.785172765,2.173103724
*Oc1ccc(SC(=O)Sc2ccc(*)cc2)cc1,-8.69119372,1.027159497
*Oc1ccc(SC(=O)Oc2ccc(C(C)(C)c3ccc(OC(=O)Sc4ccc(*)cc4)cc3)cc2)cc1,-8.729754585,1.265855463
*Oc1ccc(NC(=O)c2cc(C(c3ccc(C(=O)O)c(C(=O)Nc4ccc(Oc5ccc(C(c6ccc(*)cc6)(C(F)(F)F)C(F)(F)F)cc5)cc4)c3)(C(F)(F)F)C(F)(F)F)ccc2C(=O)O)cc1,-8.533018826,-0.506732874
*OC1C(CO)OC(*)C(N)C1O,-9.349288075,2.316450329
*Oc1ccc(S(=O)(=O)c2ccc(Oc3ccc(C(=O)c4cc(Br)cc(C(=O)c5ccc(*)cc5)c4)cc3)cc2)cc1,-9.246451607,-0.546389647
*Oc1ccc(S(=O)(=O)c2ccc(Oc3ccc(C(=O)c4cc(I)cc(C(=O)c5ccc(*)cc5)c4)cc3)cc2)cc1,-8.932496981,-0.323990069
*Oc1ccc(S(=O)(=O)c2ccc(Oc3ccc(C(=O)c4cc(C(=O)c5ccc(*)cc5)cc(C(C)(C)C)c4)cc3)cc2)cc1,-9.050861578,-0.148471985
*Oc1ccc(C(c2ccc(Oc3ccc(C(=O)c4cccc(C(=O)c5ccc(*)cc5)c4)cc3)cc2)(C(F)(F)F)C(F)(F)F)cc1,-8.836742688,-0.067671605
*Oc1ccc(C(=O)Nc2cccc(C(O)Cc3ccc(NC(=O)c4ccc(*)cc4)cc3)c2)cc1,-8.185303574,0.704708229
*C1(OC(C(C1(C(C(*)(F)F)(F)F)F)(F)F)(F)F)F,-12.40408368,1.904667392
*Oc1cc(C(C)(C)C)c(Oc2ccc(C(=O)Nc3ccc(C(C)(C)c4ccc(NC(=O)c5ccc(*)cc5)cc4)cc3)cc2)cc1C(C)(C)C,-8.020598573,0.750593818
*Oc1cc(C(C)(C)C)c(Oc2ccc(C(=O)Nc3ccc(C(C)(C)c4ccc(NC(=O)c5ccc(*)cc5)c(C)c4)cc3C)cc2)cc1C(C)(C)C,-7.928046256,0.744275412
*Oc1cc(C(C)(C)C)c(Oc2ccc(C(=O)Nc3c(C)cc(C(C)(C)c4cc(C)c(NC(=O)c5ccc(*)cc5)c(C)c4)cc3C)cc2)cc1C(C)(C)C,-8.213452249,0.88212735
*Oc1cc(C(C)(C)C)c(Oc2ccc(C(=O)Nc3c(C)cc(Cc4cc(C)c(NC(=O)c5ccc(*)cc5)c(C(C)C)c4)cc3C(C)C)cc2)cc1C(C)(C)C,-7.995276695,0.69724667
*Oc1cc(C(C)(C)C)c(Oc2ccc(C(=O)Nc3ccc(C(c4ccc(NC(=O)c5ccc(*)cc5)cc4)(C(F)(F)F)C(F)(F)F)cc3)cc2)cc1C(C)(C)C,-8.309296729,0.534592581
*Oc1ccc(Oc2ccc(C(=O)c3ccc(C(=O)c4ccc(*)cc4)c4ccccc34)cc2)cc1,-8.46560824,-0.189722042
*Oc1ccc(S(=O)(=O)c2ccc(Oc3ccc(C(C)(C)c4ccc(*)c(C(O)(C(F)(F)F)C(F)(F)F)c4)cc3C(O)(C(F)(F)F)C(F)(F)F)cc2)cc1,-8.9528234,0.561876932
*Oc1ccc(S(=O)(=O)c2ccc(Oc3ccc(C(C)(C)c4ccc(*)c(C(OC)(C(F)(F)F)C(F)(F)F)c4)cc3C(OC)(C(F)(F)F)C(F)(F)F)cc2)cc1,-8.667904034,0.665304383
*Oc1ccc(S(=O)(=O)c2ccc(Oc3c(C)cc(C(C)(C)c4cc(C)c(*)c(C)c4)cc3C)cc2C(O)(C(F)(F)F)C(F)(F)F)c(C(O)(C(F)(F)F)C(F)(F)F)c1,-8.505276787,0.155306247
*Oc1ccc2c(c1)nc1n2C(=O)c2ccc(-c3ccc4c(c3)C(=O)n3c-4nc4ccc(*)cc43)cc2-1,-8.278640738,-0.965245735
*Oc1ccc2c(c1)nc1c3cc4c(=O)n5c6cc(*)ccc6nc5c4cc3c(=O)n21,-8.324767472,-1.644484121
*c1ccc2c(c1)-c1nc3cc(Oc4ccc5nc6n(c5c4)C(=O)c4cc(C(*)(C(F)(F)F)C(F)(F)F)ccc4-6)ccc3n1C2=O,-8.297291307,-0.729789472
*c1ccc(*)s1,-9.064313615,1.758329024
*c1ccc2c(c1)-c1cc(-c3nc4cc(-c5ccc6[nH]c(*)nc6c5)ccc4[nH]3)ccc1S2(=O)=O,-8.06811301,-0.359353255
*Cc1ccc2[nH]c(-c3ccc4c(c3)-c3cc(-c5nc6cc(*)ccc6[nH]5)ccc3S4(=O)=O)nc2c1,-8.362406483,-0.584707789
*c1ccc2sc3ccc(-c4nc5cc(-c6ccc7[nH]c(*)nc7c6)ccc5[nH]4)cc3c2c1,-7.746838144,0.567222096
*Cc1ccc2[nH]c(-c3ccc4sc5ccc(-c6nc7cc(*)ccc7[nH]6)cc5c4c3)nc2c1,-7.853890653,0.402179943
*c1cc(CCCC)c(*)s1,-8.832348257,1.814915056
*Oc1ccc(C(C)(c2ccccc2)c2ccc(OC(=O)c3cccc(C(*)=O)c3)cc2)cc1,-8.402787294,0.007565383
*Oc1ccc(C(c2ccccc2)(c2ccccc2)c2ccc(OC(=O)c3cccc(C(*)=O)c3)cc2)cc1,-8.358610469,-0.011201718
*Oc1ccc(C(C)(C)c2ccc(OC(=O)c3ccc(C(=O)c4ccc(C(*)=O)cc4)cc3)cc2)cc1,-8.358323939,-0.726130723
*CCCCCCCCOC(=O)c1cccc(C(=O)O*)c1,-9.914341122,0.305609642
*c1cc(Br)c(OC(=O)c2ccc(C(=O)Oc3c(Br)cc(C4(*)OC(=O)c5ccccc54)cc3Br)cc2)c(Br)c1,-9.42837851,-0.355541558
*CCCCCCS(=O)(=O)c1ccc(/N=N/c2ccc(N(C)CCCCCC(=O)O*)cc2)cc1,-7.863313826,-0.629609658
*CCCS(=O)(=O)c1ccc(/N=N/c2ccc(N(CCCC)CC(=O)O*)cc2)cc1,-8.411212687,-0.762989572
*Oc1ccc(OC(=O)c2cc(OCCCCCCCCCCCC)c(C(*)=O)cc2OCCCCCCCCCCCC)cc1,-8.369428964,-0.239020788
*Oc1ccc2c(c1)C1(CC2(C)C)CC(C)(C)c2ccc(OC(=O)c3ccc(C(*)=O)cc3)cc21,-8.290708822,-0.408141545
*Oc1ccc2c(c1)C1(CC2(C)C)CC(C)(C)c2ccc(OC(=O)c3cccc(C(*)=O)c3)cc21,-8.342960242,-0.011184327
*CCOC(=O)NCC1(C)CC(NC(=O)O*)CC(C)(C)C1,-9.545848292,2.610375652
*Oc1ccc(C(C)(C)c2ccc(OC(=O)c3ccccc3/C=C/c3ccc(/C=C/c4ccccc4C(*)=O)cc3)cc2)cc1,-7.829114378,-0.612018967
*Oc1ccc(C(C)(C)c2ccc(OC(=O)c3ccccc3/C=C/c3ccc(/C=C/c4ccccc4C(*)=O)cc3)c(C)c2)cc1C,-7.93768035,-0.210875681
*Oc1ccc(S(=O)(=O)c2ccc(OC(=O)c3ccccc3/C=C/c3ccc(/C=C/c4ccccc4C(*)=O)cc3)cc2)cc1,-8.308646761,-0.738112132
*c1ccc(OC(=O)c2ccccc2/C=C/c2ccc(/C=C/c3ccccc3C(=O)Oc3ccc(C4(*)OC(=O)c5ccccc54)cc3)cc2)cc1,-8.007662672,-0.335083025
*Oc1cccc2c(OC(=O)c3ccccc3/C=C/c3ccc(/C=C/c4ccccc4C(*)=O)cc3)cccc12,-7.929831397,-0.145266509
*Oc1cccc2ccc(OC(=O)c3ccccc3/C=C/c3ccc(/C=C/c4ccccc4C(*)=O)cc3)cc12,-7.773116807,-0.138587634
*Oc1ccc2ccc(OC(=O)c3ccccc3/C=C/c3ccc(/C=C/c4ccccc4C(*)=O)cc3)cc2c1,-7.758655526,-0.305121814
*Oc1cccc(OC(=O)c2ccccc2/C=C/c2ccc(/C=C/c3ccccc3C(*)=O)cc2)c1,-8.006201631,-0.215084618
*Oc1ccccc1OC(=O)c1ccccc1/C=C/c1ccc(/C=C/c2ccccc2C(*)=O)cc1,-7.982383734,-0.258153253
*Oc1ccc(OC(=O)c2ccccc2/C=C/c2ccc(/C=C/c3ccccc3C(*)=O)cc2)cc1,-7.951739834,-0.166982051
*CCCCCCCCCCCCNC(=O)CCCCCCCCCCCCCCCCCCC(=O)N*,-9.3661055,2.263756901
*Nc1ccc(NC(=O)c2cc(C(*)=O)c(C(=O)OCC)cc2C(=O)OCC)cc1,-7.763941828,-0.519399618
*Nc1cccc(C(O)Cc2ccc(NC(=O)c3ccc(C(*)=O)cc3)cc2)c1,-7.708703134,-0.37262645
*c1ccc2c(c1)-c1nc3cc(-c4ccc5nc6n(c5c4)C(=O)c4cc(C(*)(C(F)(F)F)C(F)(F)F)ccc4-6)ccc3n1C2=O,-8.22802709,-0.82939982
*CC(C)CNC(=O)O*,-9.702112562,2.602173857
*c1ccc(Oc2cccc(Oc3ccc(N4C(=O)c5ccc(-c6ccc7c(c6)C(=O)N(*)C7=O)cc5C4=O)cc3)c2)cc1,-8.5022415,-0.996179172
*c1cccc(N2C(=O)c3ccc(C(c4ccc5c(c4)C(=O)N(*)C5=O)(C(F)(F)F)C(F)(F)F)cc3C2=O)c1,-9.183115178,-0.768038631
*c1ccc2c(c1)C(=O)N(c1cccc(S(=O)(=O)c3cccc(N4C(=O)c5ccc(C(*)(C(F)(F)F)C(F)(F)F)cc5C4=O)c3)c1)C2=O,-9.422662716,-0.772413871
*c1cc2c(C(=O)N(C2=O)c2ccc(cc2)Oc2ccc(cc2)NC(=O)*)cc1,-8.203894937,-0.315508171
*c1ccc(S(=O)(=O)c2ccc(N3C(=O)c4cc5C(=O)N(*)C(=O)c5cc4C3=O)cc2)cc1,-9.581518127,-1.548241544
*c1cccc(Oc2ccc(N3C(=O)c4cc5C(=O)N(*)C(=O)c5cc4C3=O)cc2)c1,-8.561430428,-1.325712344
*c1ccc(-c2ccc(N3C(=O)c4ccc(-c5ccc6c(c5)C(=O)N(*)C6=O)cc4C3=O)cc2C(F)(F)F)c(C(F)(F)F)c1,-9.29243476,-0.980111954
*C(=O)Oc1ccc(C(C)(C)c2ccc(OC(=O)c3ccc4c(c3)C(=O)N(c3ccc(-c5ccc(N6C(=O)c7ccc(*)cc7C6=O)c(C)c5)cc3C)C4=O)cc2)cc1,-8.540341961,-0.71603587
*C(=O)Oc1ccc(C(C)(C)c2ccc(OC(=O)c3ccc4c(c3)C(=O)N(c3ccc(Oc5ccc(N6C(=O)c7ccc(*)cc7C6=O)cc5)cc3)C4=O)cc2)cc1,-8.332656683,-0.741280666
*C(=O)Oc1ccc(C(C)(C)c2ccc(OC(=O)c3ccc4c(c3)C(=O)N(c3ccc(-c5ccc(N6C(=O)c7ccc(*)cc7C6=O)cc5)cc3)C4=O)cc2)cc1,-8.360894312,-0.716557723
*c1ccc2c(c1)C(=O)N(c1ccc3c(c1)-c1cc(N4C(=O)c5ccc(C(*)(C(F)(F)F)C(F)(F)F)cc5C4=O)ccc1C3)C2=O,-8.322637471,-0.595939078
*C(=O)Nc1ccc(NC(=O)c2ccc(N3C(=O)c4ccc(*)cc4C3=O)cc2)cc1,-8.033965547,-0.491324848
*c1ccc(Oc2ccc(C(c3ccc(Oc4ccc(N5C(=O)c6ccc(Oc7ccc8c(c7)C(=O)N(*)C8=O)cc6C5=O)cc4)cc3)(C(F)(F)F)C(F)(F)F)cc2)cc1,-8.576384246,-0.651862384
*c1cccc(Oc2cccc(Oc3cccc(-n4c(=O)c5cc6c(=O)n(*)c(=O)c6cc5c4=O)c3)c2)c1,-8.565278683,-1.419006999
*c1ccc(Oc2ccc(S(=O)(=O)c3ccc(Oc4ccc(N5C(=O)c6ccc(C(=O)c7ccc8c(c7)C(=O)N(*)C8=O)cc6C5=O)cc4)cc3)cc2)cc1,-8.812165725,-1.234129614
*c1ccc(Oc2ccc(S(=O)(=O)c3ccc(Oc4ccc(N5C(=O)c6ccc(Oc7ccc8c(c7)C(=O)N(*)C8=O)cc6C5=O)cc4)cc3)cc2)cc1,-8.795283939,-0.702714563
*c1ccc(Oc2cccc(Oc3ccc(N4C(=O)c5ccc(C(=O)c6ccc7c(c6)C(=O)N(*)C7=O)cc5C4=O)cc3)c2)cc1,-8.39456452,-1.144919764
*c1ccc(Oc2ccc(S(=O)(=O)c3ccc(Oc4ccc(N5C(=O)c6cc7C(=O)N(*)C(=O)c7cc6C5=O)cc4)cc3)cc2)cc1,-8.865526358,-1.49114684
*c1ccc(-c2ccc(-n3c(=O)c4cc5c(=O)n(*)c(=O)c5cc4c3=O)cc2C(F)(F)F)c(C(F)(F)F)c1,-9.48502155,-1.474915509
*c1ccc(S(=O)(=O)c2ccc(N3C(=O)c4ccc(-c5ccc6c(c5)C(=O)N(*)C6=O)cc4C3=O)cc2)cc1,-9.388130674,-1.046363452
*C(=O)c1ccc2c(c1)C(=O)N(c1ccc(C3(c4ccc(N5C(=O)c6ccc(*)cc6C5=O)cc4)c4ccccc4-c4ccccc43)cc1)C2=O,-8.273148149,-0.90994809
*CCCCCCN1C(=O)c2ccc(C(c3ccc4c(c3)C(=O)N(*)C4=O)(C(F)(F)F)C(F)(F)F)cc2C1=O,-10.06002142,-0.725920176
*c1ccc2c(c1)C(=O)N(c1c(C)cc(Cc3cc(C)c(N4C(=O)c5ccc(C(*)(C(F)(F)F)C(F)(F)F)cc5C4=O)c(C)c3)cc1C)C2=O,-8.738582297,-0.562053097
*c1ccc2c(c1)C(=O)N(c1c(CC)cc(Cc3cc(CC)c(N4C(=O)c5ccc(C(*)(C(F)(F)F)C(F)(F)F)cc5C4=O)c(CC)c3)cc1CC)C2=O,-8.77473637,-0.571656588
*c1ccc2c(c1)C(=O)N(c1c(C(C)C)cc(Cc3cc(C(C)C)c(N4C(=O)c5ccc(C(*)(C(F)(F)F)C(F)(F)F)cc5C4=O)c(C(C)C)c3)cc1C(C)C)C2=O,-8.780405502,-0.524851819
*c1ccc2c(c1)C(=O)N(c1cc(N3C(=O)c4ccc(C(*)(C(F)(F)F)C(F)(F)F)cc4C3=O)ccc1C)C2=O,-8.926544327,-0.624184969
*c1ccc(S(=O)(=O)c2ccc(N3C(=O)c4ccc(C(c5ccc6c(c5)C(=O)N(*)C6=O)(C(F)(F)F)C(F)(F)F)cc4C3=O)cc2)cc1,-9.496926019,-0.976865302
*c1ccc(S(=O)(=O)c2ccc(N3C(=O)c4ccc(C(=O)c5ccc6c(c5)C(=O)N(*)C6=O)cc4C3=O)cc2)cc1,-9.49800279,-1.305475454
*c1ccc(-c2ccc(-n3c(=O)c4cc5c(=O)n(*)c(=O)c5cc4c3=O)cc2OC(F)(F)F)c(OC(F)(F)F)c1,-9.097676002,-1.468778962
*C1CCC(N2C(=O)c3ccc(-c4ccc5c(c4)C(=O)N(*)C5=O)cc3C2=O)CC1,-9.477539666,-0.792632463
*c1cc(C(c2ccc(O)c(-n3c(=O)c4cc5c(=O)n(*)c(=O)c5cc4c3=O)c2)(C(F)(F)F)C(F)(F)F)ccc1O,-8.808031249,-1.67924903
*c1ccc2c(c1)C(=O)N(c1ccc(C(c3ccc(C)c(N4C(=O)c5ccc(C(*)(C(F)(F)F)C(F)(F)F)cc5C4=O)c3)(C(F)(F)F)C(F)(F)F)cc1C)C2=O,-9.211326816,-0.580309688
*c1ccc2c(c1)C(=O)N(c1ccc(Oc3ccc(-c4ccc(Oc5ccc(N6C(=O)c7ccc(C(*)(C(F)(F)F)C(F)(F)F)cc7C6=O)cc5)cc4)cc3)cc1)C2=O,-8.052721227,-0.613923346
*c1ccc(Oc2ccc(S(=O)(=O)c3ccc(Oc4ccc(N5C(=O)c6ccc(C(c7ccc8c(c7)C(=O)N(*)C8=O)(C(F)(F)F)C(F)(F)F)cc6C5=O)cc4)cc3)cc2)cc1,-8.820057651,-0.881590764
*c1ccc2c(c1)C(=O)N(c1cccc(Oc3ccc(S(=O)(=O)c4ccc(Oc5cccc(N6C(=O)c7ccc(C(*)(C(F)(F)F)C(F)(F)F)cc7C6=O)c5)cc4)cc3)c1)C2=O,-8.636147349,-0.767536859
*c1ccc(C(C)(C)c2ccc(N3C(=O)c4ccc(Oc5ccc6c(c5)C(=O)N(*)C6=O)cc4C3=O)cc2)cc1,-8.708328292,-0.594783426
*c1cccc(N2C(=O)c3ccc(Oc4ccc5c(c4)C4(CC(C)(C)c6ccc(Oc7ccc8c(c7)C(=O)N(*)C8=O)cc64)CC5(C)C)cc3C2=O)c1,-8.777725581,-0.254975067
*c1ccc(S(=O)(=O)c2ccc(N3C(=O)c4ccc(Oc5ccc6c(c5)C(=O)N(*)C6=O)cc4C3=O)cc2)cc1,-9.320203735,-0.777355249
*c1ccc2c(c1)C(=O)N(c1ccc(Oc3ccc(N4C(=O)c5ccc(C(C)(C)CCCCCCCCC(*)(C)C)cc5C4=O)cc3)cc1)C2=O,-8.223809558,-0.296634508
*C(=O)Nc1cccc(NC(=O)c2ccc(N3C(=O)c4ccc(*)cc4C3=O)cc2)c1,-8.368618978,-0.541494228
*C(=O)c1ccc2c(c1)C(=O)N(c1ccc(C(=O)Nc3ccc(N4C(=O)c5ccc(*)cc5C4=O)cc3)cc1)C2=O,-8.342032698,-1.108679024
*c1cccc(Oc2ccc(N3C(=O)c4ccc(C(=O)c5ccc6c(c5)C(=O)N(*)C6=O)cc4C3=O)cc2)c1,-8.489506297,-1.138600123
*c1ccc(-c2sc(-c3ccc(-n4c(=O)c5cc6c(=O)n(*)c(=O)c6cc5c4=O)cc3)c(-c3ccccc3)c2-c2ccccc2)cc1,-7.977873613,-1.335490956
*c1ccc(C(c2ccc(N3C(=O)c4cc5c(cc4C3=O)C(C(F)(F)F)(C(F)(F)F)c3cc4c(cc3O5)C(=O)N(*)C4=O)cc2)(C(F)(F)F)C(F)(F)F)cc1,-9.260702016,-1.006465333
*c1ccc2c(c1)C(=O)N(c1cc(C(c3ccc(O)c(N4C(=O)c5ccc(C(*)(C(F)(F)F)C(F)(F)F)cc5C4=O)c3)(C(F)(F)F)C(F)(F)F)ccc1O)C2=O,-8.839540454,-0.942643885
*c1ccc(Oc2c(C)cc(Cc3cc(C)c(Oc4ccc(-n5c(=O)c6cc7c(=O)n(*)c(=O)c7cc6c5=O)cc4)c(C)c3)cc2C)cc1,-8.653785881,-1.311867245
*c1ccc(Oc2c(C)cc(Cc3cc(C)c(Oc4ccc(N5C(=O)c6ccc(-c7ccc8c(c7)C(=O)N(*)C8=O)cc6C5=O)cc4)c(C)c3)cc2C)cc1,-8.530229504,-0.850137411
*C(=O)c1ccc2c(c1)C(=O)N(c1ccc(Oc3c(C)cc(Cc4cc(C)c(Oc5ccc(N6C(=O)c7ccc(*)cc7C6=O)cc5)c(C)c4)cc3C)cc1)C2=O,-8.435672023,-0.866185324
*c1ccc2c(c1)C(=O)N(c1ccc(Oc3c(C)cc(Cc4cc(C)c(Oc5ccc(N6C(=O)c7ccc(C(*)(C(F)(F)F)C(F)(F)F)cc7C6=O)cc5)c(C)c4)cc3C)cc1)C2=O,-8.422311741,-0.578600611
*c1c(C)cc(C(c2cc(C)c(N3C(=O)c4ccc(-c5ccc6c(c5)C(=O)N(*)C6=O)cc4C3=O)c(C)c2)c2cccc3ccccc23)cc1C,-8.129219227,-0.825963148
*C(=O)c1ccc2c(c1)C(=O)N(c1c(C)cc(C(c3cc(C)c(N4C(=O)c5ccc(*)cc5C4=O)c(C)c3)c3cccc4ccccc34)cc1C)C2=O,-8.14520362,-0.884537251
*c1ccc2c(c1)C(=O)N(c1c(C)cc(C(c3cc(C)c(N4C(=O)c5ccc(C(*)(C(F)(F)F)C(F)(F)F)cc5C4=O)c(C)c3)c3cccc4ccccc34)cc1C)C2=O,-8.143021453,-0.569531816
*c1ccc(Oc2c(C)cc(C(c3cc(C)c(Oc4ccc(-n5c(=O)c6cc7c(=O)n(*)c(=O)c7cc6c5=O)cc4)c(C)c3)c3cccc4ccccc34)cc2C)cc1,-8.216158415,-1.319419441
*c1ccc(Oc2c(C)cc(C(c3cc(C)c(Oc4ccc(N5C(=O)c6ccc(-c7ccc8c(c7)C(=O)N(*)C8=O)cc6C5=O)cc4)c(C)c3)c3cccc4ccccc34)cc2C)cc1,-8.193804007,-0.856313941
*c1ccc2c(c1)C(=O)N(c1ccc(Oc3c(C)cc(C(c4cc(C)c(Oc5ccc(N6C(=O)c7ccc(C(*)(C(F)(F)F)C(F)(F)F)cc7C6=O)cc5)c(C)c4)c4cccc5ccccc45)cc3C)cc1)C2=O,-8.193235046,-0.582374482
*/C=C/C1CC(*)C2C(=O)N(CCCCC)C(=O)C12,-9.823790919,1.344686562
*/C=C/C1CC(*)C2C(=O)N(CCCCCC)C(=O)C12,-9.821261254,1.344161349
*c1cccc(P(=O)(c2cccc(-n3c(=O)c4cc5c(=O)n(*)c(=O)c5cc4c3=O)c2)c2cc(C(F)(F)F)cc(C(F)(F)F)c2)c1,-9.699617971,-1.575686662
*c1cccc(P(=O)(c2ccc(C(F)(F)F)cc2)c2cccc(-n3c(=O)c4cc5c(=O)n(*)c(=O)c5cc4c3=O)c2)c1,-9.58780165,-1.53563867
*c1cccc(P(=O)(c2ccccc2)c2cccc(-n3c(=O)c4cc5c(=O)n(*)c(=O)c5cc4c3=O)c2)c1,-9.363725466,-1.456180899
*Oc1c(C)cc(C(C)(C)c2cc(C)c(ON3C(=O)c4ccc(Oc5ccc(C6(c7ccc(Oc8ccc9c(c8)C(=O)N(*)C9=O)cc7)CCC(C(C)(C)C)CC6)cc5)cc4C3=O)c(C)c2)cc1C,-8.000903752,-0.292344377
*c1ccc(Oc2ccc(C(c3ccc(Oc4ccc(N5C(=O)c6ccc(Oc7ccc(C8(c9ccc(Oc%10ccc%11c(c%10)C(=O)N(*)C%11=O)cc9)CCC(C(C)(C)C)CC8)cc7)cc6C5=O)cc4)cc3)(C(F)(F)F)C(F)(F)F)cc2)cc1,-8.487414575,-0.29051076
*c1ccc(Oc2ccc(Oc3ccc(N4C(=O)c5ccc(Oc6ccc(C7(c8ccc(Oc9ccc%10c(c9)C(=O)N(*)C%10=O)cc8)CCC(C(C)(C)C)CC7)cc6)cc5C4=O)cc3)c(C(C)(C)C)c2)cc1,-8.190357213,-0.231333897
*c1ccc(Oc2ccc(C3(c4ccc(Oc5ccc(N6C(=O)c7ccc(Oc8ccc(C9(c%10ccc(Oc%11ccc%12c(c%11)C(=O)N(*)C%12=O)cc%10)CCC(C(C)(C)C)CC9)cc8)cc7C6=O)cc5)cc4)CC4CC3C3CCCC43)cc2)cc1,-8.354651549,-0.284000097
*C(=O)Nc1cccc(C#Cc2cccc(N3C(=O)c4ccc(*)cc4C3=O)c2)c1,-8.448866667,-0.458128468
*c1ccc(Oc2ccc(NC(=O)CN3C(=O)c4ccc(C(c5ccc6c(c5)C(=O)N(CC(=O)Nc5ccc(Oc7ccc(-c8nnc(*)o8)cc7)cc5)C6=O)(C(F)(F)F)C(F)(F)F)cc4C3=O)cc2)cc1,-8.217903675,-1.239811336
*c1ccc(Oc2c(C)cc(C(C)(C)c3cc(C)c(Oc4ccc(N5C(=O)c6ccc(Oc7ccc(C8(c9ccc(Oc%10ccc%11c(c%10)C(=O)N(*)C%11=O)cc9)CCC(c9ccccc9)CC8)cc7)cc6C5=O)cc4)c(C)c3)cc2C)cc1,-8.351103272,-0.367131216
*c1ccc(Oc2ccc(Oc3ccc(N4C(=O)c5ccc(Oc6ccc(C7(c8ccc(Oc9ccc%10c(c9)C(=O)N(*)C%10=O)cc8)CCC(c8ccccc8)CC7)cc6)cc5C4=O)cc3)c(C(C)(C)C)c2)cc1,-8.128634685,-0.371228082
*c1ccc(Oc2ccc(-c3ccc(Oc4ccc(N5C(=O)c6ccc(Oc7ccc(C8(c9ccc(Oc%10ccc%11c(c%10)C(=O)N(*)C%11=O)cc9)CCC(c9ccccc9)CC8)cc7)cc6C5=O)cc4)cc3C)c(C)c2)cc1,-8.159163711,-0.395895626
*c1ccc(Oc2ccc(N3C(=O)c4ccc(Oc5ccc(C6(c7ccc(Oc8ccc9c(c8)C(=O)N(*)C9=O)cc7)CCC(c7ccccc7)CC6)cc5)cc4C3=O)cc2)cc1,-8.210195581,-0.381250159
*c1ccc(Oc2ccccc2Oc2ccc(-n3c(=O)c4cc5c(=O)n(*)c(=O)c5cc4c3=O)cc2)cc1,-8.461294395,-1.335631867
*c1ccc(Oc2ccc(Oc3ccc(-n4c(=O)c5cc6c(=O)n(*)c(=O)c6cc5c4=O)cc3)cc2C(C)(C)C)cc1,-8.358807004,-1.32096179
*c1ccc(Oc2ccc(Oc3ccc(-n4c(=O)c5cc6c(=O)n(*)c(=O)c6cc5c4=O)cc3)cc2-c2ccccc2)cc1,-8.437335706,-1.368259319
*c1ccc(Oc2cc(C(C)(C)C)ccc2Oc2ccc(-n3c(=O)c4cc5c(=O)n(*)c(=O)c5cc4c3=O)cc2)cc1,-8.381719603,-1.320276597
*c1ccc(Oc2ccc(Oc3ccc(N4C(=O)c5ccc(-c6ccc7c(c6)C(=O)N(*)C7=O)cc5C4=O)cc3)cc2)cc1,-8.365389635,-0.854602536
*c1ccc(Oc2ccccc2Oc2ccc(N3C(=O)c4ccc(-c5ccc6c(c5)C(=O)N(*)C6=O)cc4C3=O)cc2)cc1,-8.380321304,-0.869746785
*c1ccc(Oc2ccc(Oc3ccc(N4C(=O)c5ccc(-c6ccc7c(c6)C(=O)N(*)C7=O)cc5C4=O)cc3)c(C(C)(C)C)c2)cc1,-8.248232108,-0.861174503
*c1ccc(Oc2ccc(Oc3ccc(N4C(=O)c5ccc(-c6ccc7c(c6)C(=O)N(*)C7=O)cc5C4=O)cc3)c(-c3ccccc3)c2)cc1,-8.331614682,-0.842379421
*c1ccc(Oc2cc(C(C)(C)C)ccc2Oc2ccc(N3C(=O)c4ccc(-c5ccc6c(c5)C(=O)N(*)C6=O)cc4C3=O)cc2)cc1,-8.268485183,-0.857261218
*c1ccc(Oc2ccc(-c3ccc(Oc4ccc(N5C(=O)c6ccc(Oc7cccc(Oc8ccc9c(c8)C(=O)N(*)C9=O)c7)cc6C5=O)cc4)cc3)cc2)cc1,-8.003098842,-0.590837935
*c1ccc(Oc2ccc(C3(c4ccc(Oc5ccc(N6C(=O)c7ccc(Oc8ccc(C9(c%10ccc(Oc%11ccc%12c(c%11)C(=O)N(*)C%12=O)cc%10)CCC(c%10ccccc%10)CC9)cc8)cc7C6=O)cc5)cc4)CC4CC3C3CCCC43)cc2)cc1,-8.082900079,-0.368344535
*C(=O)c1ccc2c(c1)C(=O)N(c1cc(C(c3ccc(O)c(N4C(=O)c5ccc(*)cc5C4=O)c3)(C(F)(F)F)C(F)(F)F)ccc1O)C2=O,-8.876313818,-1.162067858
*c1ccc(Oc2ccc(-c3ccc(Oc4ccc(N5C(=O)c6ccc(Oc7ccc(C8(c9ccc(Oc%10ccc%11c(c%10)C(=O)N(*)C%11=O)cc9)CCCCCCCCCCC8)cc7)cc6C5=O)cc4)cc3C)c(C)c2)cc1,-8.253990502,-0.235825629
*c1ccc(Cc2ccc(N3C(=O)c4ccc(Oc5ccc(C6(c7ccc(Oc8ccc9c(c8)C(=O)N(*)C9=O)cc7)CCCCCCCCCCC6)cc5)cc4C3=O)cc2)cc1,-8.595821795,-0.215953546
*c1ccc(Oc2ccc(Oc3ccc(N4C(=O)c5ccc(Oc6ccc(C7(c8ccc(Oc9ccc%10c(c9)C(=O)N(*)C%10=O)cc8)CCCCCCCCCCC7)cc6)cc5C4=O)cc3)c(C(C)(C)C)c2)cc1,-8.065278906,-0.368184593
*c1ccc(Oc2ccc(C3(c4ccc(Oc5ccc(N6C(=O)c7ccc(Oc8ccc(C9(c%10ccc(Oc%11ccc%12c(c%11)C(=O)N(*)C%12=O)cc%10)CCCCCCCCCCC9)cc8)cc7C6=O)cc5)cc4)CCC(C(C)(C)C)CC3)cc2)cc1,-8.105368978,-0.171993849
*c1ccc(Oc2ccc(C3(c4ccc(Oc5ccc(N6C(=O)c7ccc(Oc8ccc(C9(c%10ccc(Oc%11ccc%12c(c%11)C(=O)N(*)C%12=O)cc%10)CCCCCCCCCCC9)cc8)cc7C6=O)cc5)cc4)C4CC5CC(C4)CC3C5)cc2)cc1,-8.072728933,-0.217782784
*c1ccc2c(c1)C(=O)N(c1ccc(Oc3ccc4ccc(Oc5ccc(N6C(=O)c7ccc(C(*)(C(F)(F)F)C(F)(F)F)cc7C6=O)cc5)cc4c3)cc1)C2=O,-8.308725228,-0.640533476
*c1ccc(Oc2ccc3ccc(Oc4ccc(-n5c(=O)c6cc7c(=O)n(*)c(=O)c7cc6c5=O)cc4)cc3c2)cc1,-8.288492287,-1.310498682
*c1cccc(P(=O)(c2cccc(-n3c(=O)c4c(-c5cc(C(F)(F)F)cc(C(F)(F)F)c5)c5c(=O)n(*)c(=O)c5c(-c5cc(C(F)(F)F)cc(C(F)(F)F)c5)c4c3=O)c2)c2cc(C(F)(F)F)cc(C(F)(F)F)c2)c1,-9.781949702,-1.867819793
*c1cccc(P(=O)(c2ccc(C(F)(F)F)cc2)c2cccc(-n3c(=O)c4c(-c5cc(C(F)(F)F)cc(C(F)(F)F)c5)c5c(=O)n(*)c(=O)c5c(-c5cc(C(F)(F)F)cc(C(F)(F)F)c5)c4c3=O)c2)c1,-9.693788048,-1.933304114
*c1cccc(P(=O)(c2ccccc2)c2cccc(-n3c(=O)c4c(-c5cc(C(F)(F)F)cc(C(F)(F)F)c5)c5c(=O)n(*)c(=O)c5c(-c5cc(C(F)(F)F)cc(C(F)(F)F)c5)c4c3=O)c2)c1,-9.485747491,-1.922831935
*c1cccc(P(=O)(c2cccc(-n3c(=O)c4c(-c5ccc(C(F)(F)F)cc5)c5c(=O)n(*)c(=O)c5c(-c5ccc(C(F)(F)F)cc5)c4c3=O)c2)c2cc(C(F)(F)F)cc(C(F)(F)F)c2)c1,-9.568414107,-1.653031529
*c1cccc(P(=O)(c2ccc(C(F)(F)F)cc2)c2cccc(-n3c(=O)c4c(-c5ccc(C(F)(F)F)cc5)c5c(=O)n(*)c(=O)c5c(-c5ccc(C(F)(F)F)cc5)c4c3=O)c2)c1,-9.546456278,-1.671142858
*c1cccc(P(=O)(c2ccccc2)c2cccc(-n3c(=O)c4c(-c5ccc(C(F)(F)F)cc5)c5c(=O)n(*)c(=O)c5c(-c5ccc(C(F)(F)F)cc5)c4c3=O)c2)c1,-9.367022183,-1.638021587
*c1cccc(P(=O)(c2cccc(-n3c(=O)c4c(-c5ccccc5)c5c(=O)n(*)c(=O)c5c(-c5ccccc5)c4c3=O)c2)c2cc(C(F)(F)F)cc(C(F)(F)F)c2)c1,-9.091036686,-1.377337544
*c1cccc(P(=O)(c2ccc(C(F)(F)F)cc2)c2cccc(-n3c(=O)c4c(-c5ccccc5)c5c(=O)n(*)c(=O)c5c(-c5ccccc5)c4c3=O)c2)c1,-9.020038063,-1.363142241
*c1cccc(P(=O)(c2ccccc2)c2cccc(-n3c(=O)c4c(-c5ccccc5)c5c(=O)n(*)c(=O)c5c(-c5ccccc5)c4c3=O)c2)c1,-9.024542528,-1.326623076
*c1ccc(Oc2ccc(N3C(=O)c4cccc(Oc5cccc6c5C(=O)N(*)C6=O)c4C3=O)cc2)cc1,-8.382259141,-0.450206945
*c1ccc(Oc2ccc(N3C(=O)c4ccc(Oc5cccc6c5C(=O)N(*)C6=O)cc4C3=O)cc2)cc1,-8.306545938,-0.678527985
*c1ccc(Oc2ccc(Oc3ccc(N4C(=O)c5cccc(Oc6cccc7c6C(=O)N(*)C7=O)c5C4=O)cc3)cc2)cc1,-8.312780912,-0.458795339
*c1ccc(Oc2ccc(Oc3ccc(N4C(=O)c5ccc(Oc6cccc7c6C(=O)N(*)C7=O)cc5C4=O)cc3)cc2)cc1,-8.208568211,-0.673085894
*c1ccc(Oc2ccc(N3C(=O)C4CCC5C(=O)N(*)C(=O)C5C4C3=O)cc2)cc1,-8.55015268,1.199814859
*c1ccc(Cc2ccc(N3C(=O)C4CCC5C(=O)N(*)C(=O)C5C4C3=O)c(C)c2)cc1C,-8.936771891,1.3243461
*c1ccc(Oc2ccc(Oc3ccc(N4C(=O)C5CCC6C(=O)N(*)C(=O)C6C5C4=O)cc3)cc2)cc1,-8.600359533,1.143358427
*c1ccc(Oc2ccc(C(C)(C)c3ccc(Oc4ccc(N5C(=O)C6CCC7C(=O)N(*)C(=O)C7C6C5=O)cc4)cc3)cc2)cc1,-8.336170515,1.2129196
*C(=O)c1ccc2c(c1)C(=O)N(c1c(C)cc(Cc3cc(C)c(N4C(=O)c5ccc(*)cc5C4=O)c(C)c3)cc1C)C2=O,-8.750458237,-0.888678755
*C(=O)c1ccc2c(c1)C(=O)N(c1c(CC)cc(Cc3cc(CC)c(N4C(=O)c5ccc(*)cc5C4=O)c(CC)c3)cc1CC)C2=O,-8.811902654,-0.897912561
*C(=O)c1ccc2c(c1)C(=O)N(c1c(C(C)C)cc(Cc3cc(C(C)C)c(N4C(=O)c5ccc(*)cc5C4=O)c(C(C)C)c3)cc1C(C)C)C2=O,-8.771499756,-0.890572584
*c1ccc(Oc2ccc(Oc3ccc(N4C(=O)c5ccc(Oc6ccccc6Oc6ccc7c(c6)C(=O)N(*)C7=O)cc5C4=O)cc3C(F)(F)F)cc2)c(C(F)(F)F)c1,-8.491799377,-0.630560174
*c1ccc(Oc2ccccc2Oc2ccc(N3C(=O)c4ccc(Oc5ccccc5Oc5ccc6c(c5)C(=O)N(*)C6=O)cc4C3=O)cc2C(F)(F)F)c(C(F)(F)F)c1,-8.626519939,-0.368716509
*c1ccc(Oc2c(C)cc(-c3cc(C)c(Oc4ccc(N5C(=O)c6ccc(Oc7ccccc7Oc7ccc8c(c7)C(=O)N(*)C8=O)cc6C5=O)cc4C(F)(F)F)c(C)c3)cc2C)c(C(F)(F)F)c1,-8.361130479,-0.555424976
*c1ccc(Oc2ccc(C(c3ccc(Oc4ccc(N5C(=O)c6ccc(Oc7ccccc7Oc7ccc8c(c7)C(=O)N(*)C8=O)cc6C5=O)cc4C(F)(F)F)cc3)(C(F)(F)F)C(F)(F)F)cc2)c(C(F)(F)F)c1,-8.769081781,-0.694619737
*c1ccc(Oc2ccc(C3(c4ccc(Oc5ccc(N6C(=O)c7ccc(Oc8ccccc8Oc8ccc9c(c8)C(=O)N(*)C9=O)cc7C6=O)cc5C(F)(F)F)cc4)c4ccccc4-c4ccccc43)cc2)c(C(F)(F)F)c1,-8.297014863,-0.529219859
*c1ccc(N2C(=O)c3ccc(Oc4ccc(C(C)(C)c5cccc(Oc6ccc7c(c6)C(=O)N(*)C7=O)c5)cc4)cc3C2=O)cc1,-8.831524521,-0.404184631
*CCCCCCCCCCN1C(=O)C2C3C=CC(C4C(=O)N(*)C(=O)C34)C2C1=O,-9.998943307,0.868901963
*C1CCC(CC2CCC(N3C(=O)C4C5C=CC(C6C(=O)N(*)C(=O)C56)C4C3=O)CC2)CC1,-9.92652045,0.916399067
*C1CCC(CC2CCC(N3C(=O)C4C5C=CC(C6C(=O)N(*)C(=O)C56)C4C3=O)C(C)C2)CC1C,-9.983173742,1.155234453
*c1cc(C(c2ccc(O)c(N3C(=O)c4ccc(Oc5ccc6c(c5)C(=O)N(*)C6=O)cc4C3=O)c2)(C(F)(F)F)C(F)(F)F)ccc1O,-8.73265685,-0.891926785
*c1ccc(C(C)(C)c2ccc(C(C)(C)c3ccc(N4C(=O)c5ccc(Oc6ccc7c(c6)C(=O)N(*)C7=O)cc5C4=O)cc3)cc2)cc1,-8.526548537,-0.589398233
*c1ccc(Sc2ccc(Sc3ccc(Sc4ccc(-n5c(=O)c6cc7c(=O)n(*)c(=O)c7cc6c5=O)cc4)cc3)cc2)cc1,-8.204328717,-1.304123936
*c1ccc(Sc2ccc3c(c2)Sc2ccc(Sc4ccc(-n5c(=O)c6cc7c(=O)n(*)c(=O)c7cc6c5=O)cc4)cc2S3)cc1,-8.042007336,-1.410262867
*C(=O)Oc1ccc(OC(=O)c2ccc3c(c2)C(=O)N(C2CCC(N4C(=O)c5ccc(*)cc5C4=O)CC2)C3=O)cc1,-9.333876142,-0.720960877
*C(=O)Oc1ccc(OC(=O)c2ccc3c(c2)C(=O)N(c2ccc(-c4ccc(N5C(=O)c6ccc(*)cc6C5=O)cc4C(F)(F)F)c(C(F)(F)F)c2)C3=O)cc1,-9.170846501,-0.930480091
*c1ccc(C(=O)Oc2ccc(-n3c(=O)c4cc5c(=O)n(*)c(=O)c5cc4c3=O)cc2)cc1,-9.09996064,-1.352066368
*c1ccc(C(=O)Oc2ccc(N3C(=O)c4ccc(-c5ccc6c(c5)C(=O)N(*)C6=O)cc4C3=O)cc2)cc1,-8.926833683,-0.879938706
*C(=O)Oc1ccc(OC(=O)c2ccc3c(c2)C(=O)N(c2ccc(C(=O)Oc4ccc(N5C(=O)c6ccc(*)cc6C5=O)cc4)cc2)C3=O)cc1,-8.83550792,-0.932881706
*c1ccc(C(=O)Nc2ccc(-n3c(=O)c4cc5c(=O)n(*)c(=O)c5cc4c3=O)cc2)cc1,-8.543024593,-1.302095295
*C(=O)Oc1ccc(OC(=O)c2ccc3c(c2)C(=O)N(c2ccc(C(=O)Nc4ccc(N5C(=O)c6ccc(*)cc6C5=O)cc4)cc2)C3=O)cc1,-8.322226296,-0.94904133
*c1cc(C(c2ccc(O)c(N3C(=O)c4ccc(-c5ccc6c(c5)C(=O)N(*)C6=O)cc4C3=O)c2)(C(F)(F)F)C(F)(F)F)ccc1O,-8.747208296,-1.161114989
*c1ccc2c(c1)C(=O)N(c1ccc(-c3ccc(Oc4ccc5c(c4)C(C)(c4ccc(Oc6ccc(-c7ccc(N8C(=O)c9ccc(C(*)(C(F)(F)F)C(F)(F)F)cc9C8=O)cc7)cc6C(F)(F)F)cc4)CC5(C)C)c(C(F)(F)F)c3)cc1)C2=O,-8.38939597,-0.786052589
*c1ccc(-c2ccc(Oc3ccc(C4(C)CC(C)(C)c5ccc(Oc6ccc(-c7ccc(N8C(=O)c9ccc(Oc%10ccc%11c(c%10)C(=O)N(*)C%11=O)cc9C8=O)cc7)cc6C(F)(F)F)cc54)cc3)c(C(F)(F)F)c2)cc1,-8.343241936,-0.59747946
*c1cccc(N2C(=O)c3ccc(-c4cccc5c4C(=O)N(*)C5=O)cc3C2=O)c1,-8.960623466,-0.665849017
*c1ccc(-c2ccc(N3C(=O)c4ccc(-c5cccc6c5C(=O)N(*)C6=O)cc4C3=O)c(C)c2)cc1C,-8.463320193,-0.639426823
*c1ccc(-c2ccc(N3C(=O)c4ccc(-c5cccc6c5C(=O)N(*)C6=O)cc4C3=O)cc2C)c(C)c1,-8.766705826,-0.652454727
*c1ccc(-c2ccc(N3C(=O)c4ccc(-c5cccc6c5C(=O)N(*)C6=O)cc4C3=O)cc2C(F)(F)F)c(C(F)(F)F)c1,-9.192128408,-0.772028033
*c1ccc(Oc2cccc(N3C(=O)c4ccc(-c5cccc6c5C(=O)N(*)C6=O)cc4C3=O)c2)cc1,-8.400377945,-0.694300802
*c1ccc(Oc2ccc(Oc3ccc(N4C(=O)c5ccc(-c6cccc7c6C(=O)N(*)C7=O)cc5C4=O)cc3)cc2)cc1,-8.27420169,-0.663599763
*c1ccc(Oc2cccc(Oc3ccc(N4C(=O)c5ccc(-c6cccc7c6C(=O)N(*)C7=O)cc5C4=O)cc3)c2)cc1,-8.309360321,-0.683772711
*c1cccc(Oc2cccc(Oc3cccc(N4C(=O)c5ccc(-c6cccc7c6C(=O)N(*)C7=O)cc5C4=O)c3)c2)c1,-8.370716369,-0.698659456
*c1ccc(-c2ccc(N3C(=O)c4cc5c(cc4C3=O)C(C(F)(F)F)(C(F)(F)F)c3cc4c(cc3O5)C(=O)N(*)C4=O)cc2C(F)(F)F)c(C(F)(F)F)c1,-9.373788048,-1.031662383
*c1ccc(-c2ccc(N3C(=O)c4cc5c(cc4C3=O)C(C(F)(F)F)(C(F)(F)F)c3cc4c(cc3O5)C(=O)N(*)C4=O)cc2OC(F)(F)F)c(OC(F)(F)F)c1,-9.031560305,-1.029093605
*C(=O)Nc1ccc(C2(c3ccc(NC(=O)c4ccc5c(c4)C(=O)N(c4ccc(Sc6ccc(Oc7ccc(Sc8ccc(N9C(=O)c%10ccc(*)cc%10C9=O)cc8)cc7)cc6)cc4)C5=O)cc3)c3ccccc3-c3ccccc32)cc1,-8.142066105,-0.65076553
*c1ccc(Sc2ccc(Oc3ccc(Sc4ccc(N5C(=O)c6ccc(Oc7ccc(C(C)(C)c8ccc(Oc9ccc%10c(c9)C(=O)N(*)C%10=O)cc8)cc7)cc6C5=O)cc4)cc3)cc2)cc1,-8.023539556,-0.224431433
*c1ccc2c(c1)C(=O)N(c1ccc(Sc3ccc(Oc4ccc(Sc5ccc(N6C(=O)c7ccc(C(*)(C(F)(F)F)C(F)(F)F)cc7C6=O)cc5)cc4)cc3)cc1)C2=O,-8.083140879,-0.621963026
*OC(C)COC(*)=O,-10.46099947,2.339995485
*Oc1ccc2c(c1)C1(CC2(C)C)CC(C)(C)c2ccc(OC(*)=O)cc21,-8.26255174,1.548777332
*Oc1ccc(C(C)(C)c2ccc(OC(*)=O)c(CC)c2)cc1CC,-8.218313638,1.554478563
*Oc1ccc(C(C)(CCC#N)c2ccc(OC(*)=O)cc2)cc1,-8.605845253,1.249169411
*Oc1ccc(C(C)(CCC#N)c2ccc(OC(*)=O)c(C)c2)cc1C,-8.528305029,1.389235327
*Oc1ccc(C(CCC)(CCC)c2ccc(OC(*)=O)c(C)c2)cc1C,-8.183681189,1.688906082
*Oc1ccc(C(CCCC)(CCCC)c2ccc(OC(*)=O)cc2)cc1,-8.306732627,1.602995313
*CCCCCCCCCSC(=O)S*,-9.520934857,1.54081233
*CCCCCCCCCCCCSC(=O)S*,-9.525885483,1.542248723
*Sc1ccc(Cc2ccc(SC(*)=O)cc2)cc1,-8.352218668,1.085061916
*Oc1ccc(C(C)(C)c2ccc(OC(=O)SCCCSC(*)=O)cc2)cc1,-8.303124334,1.189212548
*Oc1ccc(C(C)(C)c2ccc(OC(=O)SCCCCCCSC(*)=O)cc2)cc1,-8.410681218,1.387789032
*Oc1ccc(C(C)(C)c2ccc(OC(=O)Sc3ccc(C(C)(C)c4ccc(SC(*)=O)cc4)cc3)cc2)cc1,-8.364410505,0.784657228
*C1NC(CC1)*,-8.587666057,2.622769062
*Nc1ccc(cc1)*,-8.004007055,2.069106775
*c1ccc(Cc2ccc(N(*)Cc3ccccc3)cc2)cc1,-7.679573465,1.644978204
*Cc1cc(C(C)(C)c2ccc3c(c2)CN(C)CO3)cc(CN(*)C)c1O,-7.80651607,1.768080669
*c1ccc(C(c2ccc(-c3nc4cc(-c5ccc6nc(*)[nH]c6c5)ccc4[nH]3)cc2)(C(F)(F)F)C(F)(F)F)cc1,-7.934564297,0.253572582
*c1ccc(C(c2ccc(-c3nc4ccc(-c5ccc6nc(*)[nH]c6c5)cc4[nH]3)cc2)(C(F)(F)F)C(F)(F)F)cc1,-7.884157295,0.224698054
*c1cccc(S(=O)(=O)NCCCCCCNS(*)(=O)=O)c1,-9.913705136,0.72442445
*c1ccc(S(*)(=O)=O)cc1,-10.23510931,0.49246438
*Cc1cc(*)c(O)cc1C,-8.218770882,2.047432384
