smiles,qm_homo_monomer,qm_lumo_monomer,atom_count
*CC*,-12.03727174,3.128816904,4
*C(C*)C,-11.57686478,3.039961247,5
*C(C*)CC,-11.42390789,2.987134632,6
*C(C*)CCC,-11.22720085,3.05291719,7
*C(C*)C(C)C,-11.17103386,2.957730423,7
*C(C*)CCCC,-11.03805724,3.044147826,8
*C(C*)CC(C)C,-11.040807,2.980871171,8
*C(C*)CCCCC,-10.89562794,3.031210522,9
*C(C*)CCC(CC)C,-10.88337466,2.902049194,10
*C(C*)CCCCCCC,-10.69582593,3.01501621,11
*C(C*)CCCCCCCC,-10.67351767,2.891930425,12
*C(C*)(C)C,-11.40601653,2.905709576,6
*C(C*)(CC)C,-11.17085461,2.957699323,7
*C(CC*)(C)C,-11.17067383,2.957662603,7
*C(C(C*)C)(C)C,-10.94746274,2.832976434,8
*C(CCC*)(C)C,-11.04139144,2.980824468,8
*C(CCC*)(CC)C,-10.87742582,3.022454836,9
*C(CCCCCCC*)C,-10.7869671,3.035723667,11
*C(C*)C1CC1,-10.20816963,3.110868393,7
*C(C*)C1CCC1,-10.59217148,2.964684146,8
*C(C*)C1CCCC1,-10.98031084,2.879741566,9
*C(C*)CC1CCCC1,-10.87443059,2.894875167,10
*C(C*)C1CCCCC1,-10.47970418,2.991377208,10
*C(C*)CC1CCCCC1,-10.40967116,3.01337447,11
*C(C*)Cc1ccccc1,-9.024137276,1.920584032,11
*C(C*)CCc1ccccc1,-9.012433023,1.926149647,12
*C(C*)C(c1ccccc1)C,-9.030381601,1.92053854,12
*C1CC(CC1)C*,-11.05953699,2.858903677,8
*C(C*)CCCCCC,-10.78481242,3.022469688,10
*C(C*)CCCCCCCCCC,-10.74220376,2.989454788,14
*C(C*)CCCCCCCCCCCC,-10.64667391,3.003878324,16
*C(C*)CCCCCCCCCCCCCCCC,-10.56847196,2.858209728,20
*C(C*)C(CC)C,-10.95058173,2.914489947,8
*C(C*)C(CC)CC,-10.83085124,2.949592997,9
*C(C*)CC(CC)CC,-10.85325263,2.806928786,10
*C(C*)CC(CC)C,-10.92706754,3.03754063,9
*C(C*)CC(C)(C)C,-10.90844877,2.817927377,9
*C(C*)CC(CC)(C)C,-10.8381409,2.831940007,10
*C(C*)CCCC(C)(C)C,-10.70525073,2.821893562,11
*C(C*)CCC1CCCCC1,-10.36676494,3.002310284,12
*C(C*)CCCC1CCCCC1,-10.39604157,2.853892377,13
*C1(CCC(CC1)C)C*,-10.43786103,2.708137997,10
*C(C*)(CCC)C,-11.04074946,2.980858382,8
*/C=C/CC*,-9.656460668,2.613247763,6
*/C=C\CC*,-9.65647625,2.613231109,6
*C=CCC*,-9.656395717,2.613252494,6
*C(C)C(C)*,-11.42399323,2.987095842,6
*C(C(CC*)C)C,-11.01570858,2.957440393,8
*C1C(CCC1)CC*,-10.86452736,2.841063534,9
*C=CCCCCCCCC*,-9.602378359,2.803796391,12
*C(C*)CCCCCCCCCCCCCCCCCCCC,-10.55482587,2.823679803,24
*/C=C/CCCCCCCCCC*,-9.590537114,2.718516714,14
*C(C*)CCCCCCCCCCCCCC,-10.58824262,3.020257475,18
*C=CCCCCCC*,-9.595784505,2.713776103,10
*/C=C/CCC*,-9.640251953,2.574957766,7
*C(C*)C(C)(C)C,-11.01557577,2.792671346,8
*/C=C\CCCC*,-9.632092669,2.572588205,8
*C(C*)CCCCCCCCCCCCC,-10.62450895,3.017311513,17
*C(CC)C(CC)*,-11.02598096,3.024752521,8
*C(C*)CCCCCCCCCCC,-10.60515312,2.907248281,15
*C(C*)CCCCCCCCC,-10.57059673,3.001302454,13
*C(C*)C1CC(CCC1)C,-10.44344491,2.867125032,11
*C(C*)C1CCC(CC1)C,-10.41815215,3.047159024,11
*C(C*)C1CC=CCC1,-9.114735549,2.714518166,10
*C(=CCC*)CCCCCCC,-9.154742222,2.746139626,13
*C(=CCC*)C(C)C,-9.192557591,2.6094386,9
*/C=C\CCC*,-9.640354724,2.575032957,7
*C(C*)CCC(C)(C)C,-10.80350616,2.820297752,10
*C1C(CC1)*,-10.94967708,3.030805368,6
*/C=C\*,-10.19807722,2.538656103,4
*/C=C\CCCCC*,-9.617074413,2.546610894,9
*C1CC(CC1)C=C*,-9.572901701,2.643829633,9
*/C=C/C(C*)C(CC)C,-9.623465382,2.561145006,10
*C(=CCC*)CCC,-9.190043722,2.610210315,9
*C=CCCCCCCCCCC*,-9.630457511,2.547103419,14
*C1(CCCCC1)C*,-10.54940644,2.985366773,9
*C=CC(CCCCC*)C,-9.559206198,2.762307925,11
*/C(=C\CC*)C(C)(C)C,-9.208658481,2.699215301,10
*C(C*)c1ccccc1,-9.030834989,1.972408615,10
*C(C*)c1c(cccc1)C,-8.837273735,2.00271983,11
*C(C*)c1c(cccc1)CC,-8.795109597,2.01048635,12
*C(C*)c1c(cccc1)COC,-8.958849918,1.886557021,13
*C(C*)c1c(cccc1)COCC,-8.938222954,1.890779401,14
*C(C*)c1c(cccc1)COCCC,-9.033702664,1.715432593,15
*C(C*)c1c(cccc1)COC(C)C,-8.968224387,1.846783833,15
*C(C*)c1c(cccc1)COCCCC,-8.930463725,1.839037844,16
*C(C*)c1c(cccc1)COCCCCC,-9.013614033,1.797101074,17
*C(C*)c1c(cccc1)COCCC(C)C,-9.029115071,1.777254157,17
*C(C*)c1c(cccc1)COCc1ccccc1,-9.023950481,1.586600098,19
*C(C*)c1c(cccc1)COCCc1ccccc1,-8.839013078,1.78075837,20
*C(C*)c1c(cccc1)C(=O)NC,-9.185466762,1.210516105,14
*C(C*)c1c(cccc1)C(=O)N(C)C,-9.063355785,1.434991186,15
*C(C*)c1c(cccc1)C(=O)Nc1ccccc1,-8.506568165,0.900434971,19
*C(C*)c1c(cccc1)C(=O)O,-9.34652038,0.679899473,13
*C(C*)c1c(cccc1)C(=O)OC,-9.262941436,0.814055861,14
*C(C*)c1c(cccc1)C(=O)OCC,-9.24871581,0.821648156,15
*C(C*)c1c(cccc1)C(=O)OCCC,-9.255970588,0.808101748,16
*C(C*)c1c(cccc1)C(=O)OC(C)C,-9.233140865,0.848551118,16
*C(C*)c1c(cccc1)C(=O)OCCCC,-9.256280921,0.806164513,17
*C(C*)c1c(cccc1)C(=O)OCC(C)C,-9.259171608,0.801306379,17
*C(C*)c1c(cccc1)C(=O)OCCCCC,-9.25801441,0.824079096,18
*C(C*)c1c(cccc1)C(=O)OCCC(C)C,-9.263399689,0.810741164,18
*C(C*)c1c(cccc1)C(=O)OCCCCCC,-9.257398849,0.893293523,19
*C(C*)c1c(cccc1)C(=O)Oc1ccccc1,-9.204329411,0.628340067,19
*C(C*)c1c(cccc1)C(=O)OCCN(C)C,-8.725464163,0.997960557,18
*C(C*)c1ccc(cc1)C(=O)OCCN(C)C,-8.637743934,0.824582864,18
*C(C*)c1c(cccc1)OC,-8.350693629,2.002905894,12
*C(C*)c1c(cccc1)Cl,-9.141878514,1.604077206,11
*C(C*)c1c(cccc1)F,-9.043787122,1.811165731,11
*C(C*)c1cc(ccc1)C,-8.833778183,1.972837322,11
*C(C*)c1cc(ccc1)CC,-8.858525478,1.976692641,12
*C(C*)c1cc(ccc1)c1ccc(cc1)c1ccccc1,-8.206213193,0.797625031,22
*C(C*)c1cc(ccc1)Cl,-9.146134071,1.576215131,11
*C(C*)c1cc(ccc1)F,-9.122938059,1.664691719,11
*C(C*)c1ccc(cc1)C,-8.714613429,1.989983099,11
*C(C*)c1ccc(cc1)CC,-8.727988551,1.973784429,12
*C(C*)c1ccc(cc1)C(C)C,-8.729435214,1.962391979,13
*C(C*)c1ccc(cc1)CCCC,-8.715583872,1.937867192,14
*C(C*)c1ccc(cc1)C(C)(C)C,-8.724797096,1.963289849,14
*C(C*)c1ccc(cc1)C(CC)C,-8.714396079,1.96634418,14
*C(C*)c1ccc(cc1)CCCCCC,-8.724421275,1.906949445,16
*C(C*)c1ccc(cc1)CCCCCCCC,-8.723102188,1.912312962,18
*C(C*)c1ccc(cc1)CCCCCCCCC,-8.712166875,1.937852065,19
*C(C*)c1ccc(cc1)CCCCCCCCCC,-8.710439859,1.939533292,20
*C(C*)c1ccc(cc1)CCCCCCCCCCCC,-8.710187566,1.940580982,22
*C(C*)c1ccc(cc1)CCCCCCCCCCCCCC,-8.714252594,1.91631921,24
*C(C*)c1ccc(cc1)CCCCCCCCCCCCCCCC,-8.735614474,1.884279401,26
*C(C*)c1ccc(cc1)CCCCCCCCCCCCCCCCCC,-8.750005633,1.809890857,28
*C(C*)c1ccc(cc1)c1ccccc1,-8.394375689,1.191722444,16
*C(C*)c1ccc(cc1)COCCOCC,-8.771366295,1.92234006,17
*C(C*)c1ccc(cc1)C#N,-9.505494183,0.616445494,12
*C(C*)c1ccc(cc1)Cl,-8.999302958,1.558310647,11
*C(C*)c1ccc(cc1)Br,-8.906161005,1.565161189,11
*C(C*)c1ccc(cc1)C(C(C(C(C(C(C(F)(F)F)(F)F)(F)F)(F)F)(F)F)(F)F)(F)F,-9.655734231,1.056249054,32
*C(C*)c1ccc(cc1)C(=NO)C,-8.455493889,1.126857466,14
*C(C*)c1ccc(cc1)C(O)(C)C,-8.848755748,1.832263632,14
*C(C*)c1ccc(cc1)C(CC)(O)C,-8.846899807,1.810445396,15
*C(C*)c1ccc(cc1)C(CCC)(O)C,-8.81813086,1.842036104,16
*C(C*)c1ccc(cc1)C(CCCC)(O)C,-8.835391812,1.807864599,17
*C(C*)c1ccc(cc1)C(CCCCC)(O)C,-8.835790913,1.803039665,18
*C(C*)c1ccc(cc1)C(CCN(C)C)O,-8.555768721,1.905673497,17
*C(C*)c1ccc(cc1)C(CCN1CCCCC1)O,-8.608917093,1.928328672,20
*C(C*)c1ccc(cc1)C(CCN1CCOCC1)O,-8.623697227,2.031209027,20
*C(C*)c1ccc(cc1)COC,-8.880008462,1.842509727,13
*C(C*)c1ccc(cc1)COCCO,-9.034599971,1.670159308,15
*C(C*)c1ccc(cc1)COCCC,-8.919660271,1.767353454,15
*C(C*)c1ccc(cc1)COCCCC,-8.9222145,1.76741997,16
*C(C*)c1ccc(cc1)COCCCCO,-8.76606195,1.913965427,17
*C(C*)c1ccc(cc1)COC(CC)C,-8.901319465,1.770926229,16
*C(C*)c1ccc(cc1)COCCCCCC,-8.921912456,1.769541885,18
*C(C*)c1ccc(cc1)COCCOCCCC,-9.103643397,1.526286606,19
*C(C*)c1ccc(cc1)C(=O)N(C)C,-9.026317471,1.238017193,15
*C(C*)c1ccc(cc1)C(=O)N(CC)CC,-8.995363357,1.320031702,17
*C(C*)c1ccc(cc1)C(=O)N1CCCCC1,-8.989354058,1.219587781,18
*C(C*)c1ccc(cc1)C(=O)CCN1CCCCC1,-8.543681318,0.775042116,20
*C(C*)c1ccc(cc1)C(=O)N1CCOCC1,-8.913029368,1.08691462,18
*C(C*)c1ccc(cc1)C(=O)OC,-9.274398142,0.848579782,14
*C(C*)c1ccc(cc1)C(=O)OCC,-9.252379981,0.874445823,15
*C(C*)c1ccc(cc1)C(=O)OCCC,-9.267375338,0.843067988,16
*C(C*)c1ccc(cc1)C(=O)OC(C)C,-9.242328151,0.87603465,16
*C(C*)c1ccc(cc1)C(=O)OCCCC,-9.266738884,0.844291459,17
*C(C*)c1ccc(cc1)C(=O)OCC(C)C,-9.270193627,0.83877789,17
*C(C*)c1ccc(cc1)C(=O)OCCCCCC,-9.27085209,0.836126514,19
*C(C*)c1ccc(cc1)C(=O)CC,-9.261826109,0.613425156,14
*C(C*)c1ccc(cc1)C(=O)CCC,-9.255739401,0.614502981,15
*C(C*)c1ccc(cc1)C(=O)CCCC,-9.269513148,0.58343808,16
*C(C*)c1ccc(cc1)C(=O)CCCCC,-9.268414701,0.583628834,17
*C(C*)c1ccc(cc1)C(=O)CCCCCCC,-9.2506607,0.621276894,19
*C(C*)c1ccc(cc1)C(=O)Cc1ccccc1,-9.043064069,0.494246221,19
*C(C*)c1ccc(cc1)C(=O)c1ccccc1,-9.214052157,0.282505338,18
*C(C*)c1ccc(cc1)C(=O)c1ccc(cc1)C,-9.12856911,0.352246879,19
*C(C*)c1ccc(cc1)F,-8.968492873,1.631679035,11
*C(C*)c1ccc(cc1)I,-8.695871072,1.304860763,11
*C(C*)c1ccc(cc1)N(C)C,-7.458342441,2.106821887,13
*C(C*)c1ccc(cc1)OC,-8.234078418,1.93010561,12
*C(C*)c1ccc(cc1)OCC,-8.179435081,1.929792758,13
*C(C*)c1ccc(cc1)OCCC,-8.216370002,1.936924945,14
*C(C*)c1ccc(cc1)OCCCC,-8.214111831,1.938027604,15
*C(C*)c1ccc(cc1)OCCC(C)C,-8.229325155,1.924880127,16
*C(C*)c1ccc(cc1)Oc1ccccc1,-8.339648374,1.560611506,17
*C(C*)c1ccc(cc1)c1ccc(cc1)c1ccccc1,-8.135934135,0.813320985,22
*C(C*)c1ccc(cc1)S(=O)(=O)OCCC,-9.828745242,0.681812134,17
*C(C*)c1c(cccc1Cl)Cl,-9.363722503,1.271950236,12
*C(C*)c1c(cc(cc1)C)C,-8.552053123,2.151147298,12
*C(C*)c1c(cc(cc1)C(C)C)C(C)C,-8.624234621,1.987644507,16
*C(C*)c1c(cc(cc1)F)C,-8.79430105,1.807952379,12
*C(C*)c1c(cc(cc1)Cl)C,-8.867893513,1.640404342,12
*C(C*)c1c(cc(cc1)Cl)Cl,-9.215716123,1.223419348,12
*C(C*)c1c(ccc(c1)C)C,-8.581144044,2.022919494,12
*C(C*)c1c(ccc(c1)C(C)(C)C)C,-8.614763148,2.024167602,15
*C(C*)c1c(ccc(c1)C(C)C)C(C)C,-8.608251951,1.992727378,16
*C(C*)c1c(ccc(c1)Cl)Cl,-9.140559558,1.235045848,12
*C(C*)c1c(ccc(c1)F)F,-9.071468064,1.397136781,12
*C(C*)c1c(ccc(c1)C)F,-8.81448496,1.74826216,12
*C(C*)c1c(ccc(c1)Br)OCCCC,-8.350909558,1.6302843,16
*C(C*)c1c(ccc(c1)Br)OCC,-8.357898466,1.634684417,14
*C(C*)c1c(ccc(c1)Br)OC,-8.384991232,1.616542318,13
*C(C*)c1c(ccc(c1)Br)OCCC,-8.354403313,1.628158751,15
*C(C*)c1c(ccc(c1)Br)OC(C)C,-8.312008876,1.636086062,15
*C(C*)c1c(ccc(c1)Br)OCCCCC,-8.348541101,1.630687506,17
*C(C*)c1c(ccc(c1)Br)OCCC(C)C,-8.363090655,1.618884608,17
*C(C*)c1cc(cc(c1)C)C,-8.780485761,2.04589519,12
*C(C*)c1cc(c(cc1)C)C,-8.588705003,2.110263506,12
*C(C*)c1cc(c(cc1)Cl)C,-8.871140723,1.669089993,12
*C(C*)c1cc(c(cc1)Cl)Cl,-9.161668551,1.261570026,12
*C(C*)c1cc(c(cc1)Cl)F,-9.119951218,1.328703327,12
*C(C*)c1c(cc(cc1C)C)C,-8.484125864,2.04441204,13
*C(C*)c1c(cc(c(c1)C)C)C,-8.396490216,2.116508097,13
*C(C*)c1c(c(c(c(c1F)F)F)F)F,-9.655426085,1.224120297,15
*C(C*)(c1ccccc1)C,-9.029720909,1.953701983,11
*C(C*)(c1ccc(cc1)C(C)C)C,-8.729988206,1.935973218,14
*C(C(*)(F)F)(c1ccccc1)F,-9.593549107,1.440663909,13
*C(C(*)(F)F)(c1c(c(c(c(c1F)F)F)F)F)F,-10.11455314,0.480742988,18
*C(C*)c1c2c(ccc1)cccc2,-8.127041789,0.836876695,14
*C(C*)c1ccc(cc1)C(=O)C,-9.279628375,0.592187284,13
*C(C*)c1ccc(cc1)C(=O)CCN1CCOCC1,-8.748298819,0.641377881,20
*C(C*)(C(=O)OC)c1ccccc1,-9.195707944,1.725341357,14
*C(C*)(c1ccc(cc1)C)C,-8.715668415,1.995843819,12
*C(C(*)c1ccccc1)[N+](=O)[O-],-9.407374674,0.608511017,13
*C(C*)c1ccc(cc1)C(=O)C(F)(F)F,-9.670174856,-0.151436822,16
*C(C*)c1ccc(cc1)C(=O)c1ccc(cc1)OC,-8.674030755,0.451904041,20
*C(C*)c1cc2c(cc1)cccc2,-8.17058215,0.893447003,14
*C(C*)c1ccncc1,-9.635012171,1.465823041,10
*C(C*)c1nc(ccc1)C,-9.139518852,1.4302675,11
*C(C*)c1ccc(nc1)C,-9.078112938,1.444214224,11
*C(C*)N1Nc2c(C1)cccc2,-8.208824203,1.793298344,13
*C(C(C(C*)c1ncccc1)c1ccccc1)c1ncccc1,-8.951152898,1.256395446,24
*C(C*)c1ccc(cc1)O,-8.323026849,1.876728759,11
*C(C*)c1ccc(cc1)OC(=O)C,-8.885938291,1.811232567,14
*C(C*)c1ccc(cc1)CCC,-8.724661092,1.934721255,13
*C(C*)c1ccc(cc1)COCCCCCCOc1ccc(cc1)c1ccc(cc1)OC,-7.704002921,1.615332232,33
*C(C*)c1ccc(cc1)COCC(CCCC)CC,-9.018481001,1.6420104,20
*C(C*)c1ccc(cc1)COCCOCCCCCCCC,-8.753594981,1.938177364,23
*C(C*)c1ccc(cc1)C(C(C(C(C(C(F)F)(F)F)(F)F)(F)F)(F)F)(F)F,-9.621165126,1.089599887,28
*C(CC(C*)c1ccccc1)(C(=O)OC)C#N,-9.353921328,1.590560804,18
*C(C*)c1cc(c(cc1)C(=O)O)C(=O)O,-9.603688604,0.422415621,16
*C(C(*)(c1c(c(c(c(c1[2H])[2H])[2H])[2H])[2H])[2H])([2H])[2H],-9.030828623,1.972373725,18
*C(C*)O,-10.19812515,2.820924933,5
*C(C*)C=O,-9.747383456,1.685012252,6
*C(C*)OC(=O)CCCCCCCCCCC,-10.28287607,2.589759535,18
*C(C*)C(=O)C,-9.585158489,2.022344441,7
*C(C*)C(=O)C(C)C,-9.450553877,1.953343579,9
*C(C*)(C(=O)C)C,-9.479103283,1.929872884,8
*C(C*)C#N,-11.6387207,2.326917877,6
*C(C*)(C#N)C,-11.54622776,2.339040359,7
*C(C*)c1ncccc1,-9.400859548,1.396165204,10
*C(C*)n1c2ccccc2c2ccccc12,-7.728115601,1.050737639,17
*C(C*)OC,-9.758385388,3.07721184,6
*C(C*)OCC,-9.680308308,3.048899093,7
*C(C*)OC(=O)C,-10.30841695,2.65813703,8
*C(C*)OC(=O)CC,-10.28228628,2.781263027,9
*C(C*)OC(=O)c1ccccc1,-9.599280015,0.775461419,13
*C(C*)CCCCCCCCCO,-10.07576469,2.797669232,14
*C(C*)CCN(C(C)C)C(C)C,-8.120159961,2.772454483,13
*C(C*)CCCN(C(C)C)C(C)C,-8.030227766,2.81053956,14
*C(C*)CCCN(CC(C)C)CC(C)C,-8.475404949,2.831874316,16
*C(C*)O[N+](=O)[O-],-11.46804333,0.829489211,8
*C=CC(C(*)C(=O)OC)C,-9.718652522,2.58435534,11
*C#C/C(=C(*)\COS(=O)(=O)c1ccc(cc1)C)COS(=O)(=O)c1ccc(cc1)C,-9.456401777,0.23239324,30
*C(C*)OC=O,-10.63663255,2.523238264,7
*C(C*)OCc1ccccc1,-9.156135288,1.842349093,12
*C(C*)OC(C)(C)C,-9.605221484,2.852165991,9
*C(C(*)OCC(C)C)C,-9.752056447,2.943832222,10
*C(C*)OC(C)C,-9.661700362,2.989205755,8
*C(C*)(OC)C,-9.692718522,2.975483464,7
*C(C*)OCC(C)(C)C,-9.767260672,2.832084518,10
*C(C*)OC(CC)C,-9.654914183,2.882503093,9
*C(C*)OC(=O)C(F)(F)F,-11.27543967,1.544571707,11
*/C=C/C(C*)OC,-9.708645497,2.477696814,8
*C=CCC(CC*)(C(=O)OC)C,-9.551183779,2.545965614,13
*C(C*)CCc1c(cccc1)C,-8.83160355,1.984716137,13
*C(C*)CCc1ccc(cc1)C,-8.709533115,1.951269448,13
*C(C*)OCCCCCCCCCCCC,-9.641822051,2.879623411,17
*C(C(*)OCCCC)C,-9.665570701,2.862234328,10
*C(C(*)OC(C)(C)C)C,-9.585339985,2.807283307,10
*C(C(*)OCC)C,-9.686013075,3.010112515,8
*C(C(*)OC(C)C)C,-9.656925817,2.976057711,9
*C(C(*)OC)C,-9.755317755,3.024319856,7
*C(C(*)OCCC)C,-9.730403337,3.001340513,9
*C(C*)Cc1c(ccc(c1)C)C,-8.574791248,1.964388831,13
*C(C*)Cc1cc(c(cc1)C)C,-8.592428997,2.084311778,13
*C(C*)Cc1cc(cc(c1)C)C,-8.78019229,2.025390322,13
*C(C*)Cc1cc(ccc1)C,-8.838173894,1.989281352,12
*C(C*)Cc1c(cccc1)C,-8.83588326,1.979780356,12
*C(C*)Cc1ccc(cc1)C,-8.711866855,1.945990364,12
*C(C(*)O)C,-10.12536907,2.865651236,6
*C(C*)OC(=O)c1ccc(cc1)C(C)(C)C,-9.237292632,0.886565759,17
*C(C*)C(=O)C(C)(C)C,-9.372582169,2.029158742,10
*C(C*)C(=O)C1CCCCC1,-9.321915363,1.789498156,12
*C(C*)C(=O)c1c(cccc1)O,-8.712974896,0.298434742,13
*C=CC(C*)OC,-9.707988942,2.47778017,8
*C(=CCC*)c1ccccc1,-8.318219536,1.202674284,12
*C(O)C(*)O,-10.02257357,2.604343928,6
*C(C*)OCC(CCCC)CC,-9.682221188,2.939502936,13
*C(C*)SCCCC,-8.497096416,2.659989173,9
*C(C*)OC1CCCCC1,-9.58109526,2.852823264,11
*C(C*)SCC,-8.543529828,2.687491601,7
*C(C(*)(F)F)(OC(C(C(C(F)(F)F)(F)F)(F)F)(F)F)F,-12.57038676,2.822650286,21
*C(C(*)(F)F)(OC(C(F)(F)F)(F)F)F,-12.5939483,3.165370972,15
*C(C(*)(F)F)(OC(F)(F)F)OC(F)(F)F,-12.6470376,2.938814131,16
*C(C(*)(F)F)OC(F)(F)F,-12.31439092,3.057651065,11
*C(C(*)F)(OC(F)(F)F)F,-12.5052208,3.088718743,11
*C(C(*)(F)F)(OC(F)(F)F)F,-12.573321,3.188127183,12
*C(C*)OCC(CC)(C)C,-9.73305236,2.869293381,11
*C(C*)SC,-8.578004238,2.720915735,6
*C(C*)OCCC,-9.689518423,3.020235219,8
*C(C*)(C(=O)C)F,-9.823876405,1.601350532,8
*C(C*)C(=O)c1ccccc1,-9.589423384,0.530306815,12
*C(C*)C(=O)c1cc(c(cc1)Br)OC,-8.828403788,0.287148266,15
*C(C*)C(=O)c1ccc(cc1)C(C)(C)C,-9.251582199,0.624034855,16
*C(C*)C(=O)c1ccc(cc1)Cl,-9.494974786,0.24516403,13
*C(C*)C(=O)c1ccc(cc1)CC,-9.261741484,0.613759766,14
*C(C*)C(=O)c1ccc(cc1)C(C)C,-9.259147982,0.623132128,15
*C(C*)C(=O)c1ccc(cc1)OC,-8.719810426,0.810874363,14
*C(C*)C(=O)c1cc(c(cc1)C)C,-9.065712734,0.680268189,14
*C(C*)C(=O)c1ccc(cc1)CCC,-9.253159308,0.602700922,15
*C(C*)C(=O)c1ccc(cc1)C,-9.261422308,0.623312837,13
*C(C*)OC(=O)c1c(cccc1)OC(=O)C,-9.460954948,0.68104662,17
*C(C*)OC(=O)c1ccc(cc1)OC(=O)C,-9.362013844,0.728731198,17
*C(C*)OC(=O)CCCC(=O)c1ccccc1,-9.653479167,0.374201454,18
*C(C*)OC(=O)c1cc(ccc1)Br,-9.329119852,0.460015333,14
*C(C*)OC(=O)c1ccc(cc1)Br,-9.35482041,0.459777846,14
*C(C*)OC(=O)c1ccc(cc1)OC(=O)CCC,-9.346645449,0.742825942,19
*C(C*)OC(=O)c1c(cccc1)Cl,-9.438704521,0.614361143,14
*C(C*)OC(=O)c1cc(ccc1)Cl,-9.46549935,0.452540038,14
*C(C*)OC(=O)c1ccc(cc1)Cl,-9.483673714,0.474878781,14
*C(C*)OC(=O)C1CCCCC1,-10.11034794,2.654987434,13
*C(C*)OC(=O)CC1CCCCC1,-10.2123479,2.617784723,14
*C(C*)OC(=O)CCCC1CCCCC1,-10.24292256,2.671709673,16
*C(C*)OC(=O)c1ccc(cc1)OCC,-8.68487557,1.098205495,16
*C(C*)OC(=O)c1ccc(cc1)CC,-9.259746307,0.853524731,15
*C(C*)OC(=O)C(C(C(F)(F)F)(F)F)(F)F,-11.3075146,1.304896882,17
*C(C*)OC(=O)C1(C(C(C(C(C1(F)F)(F)F)(F)F)(F)F)(F)F)F,-11.31555217,1.307460564,24
*C(C*)NC(=O)OC(C)(C)C,-9.568008551,2.728795668,12
*C(C*)OC(=O)C(C(C(C(C(C(C(C(C(F)(F)F)(F)F)(F)F)(F)F)(F)F)(F)F)(F)F)(F)F)(F)F,-11.29524543,1.230691774,35
*C(C*)OC(=O)C(C(C(C(C(F)(F)F)(F)F)(F)F)(F)F)(F)F,-11.29328885,1.232494064,23
*C(C*)OC(=O)C(C(C(C(C(C(C(F)(F)F)(F)F)(F)F)(F)F)(F)F)(F)F)(F)F,-11.29406178,1.230467831,29
*C(C*)OC(=O)C(C(F)(F)F)(F)F,-11.29152265,1.384509381,14
*C(C*)OC(=O)C(C(C(C(F)(F)F)(F)F)(F)F)(F)F,-11.3050892,1.26858799,20
*C(C*)OC(=O)c1ccncc1,-9.923410953,0.277226018,13
*C(C*)OC(=O)c1ccc(cc1)C(C)C,-9.255115899,0.867193831,16
*C(C*)OC(=O)C(C(C)C)(C(C)C)C,-10.01043105,2.649482096,15
*C(C*)OC(=O)c1c(cccc1)OC,-8.700548593,0.926180462,15
*C(C*)OC(=O)c1cc(ccc1)OC,-8.679388794,0.787497751,15
*C(C*)OC(=O)c1ccc(cc1)OC,-8.714188676,1.07616088,15
*C(C*)OC(=O)c1c(cccc1)C,-9.247688135,0.824857289,14
*C(C*)OC(=O)c1cc(ccc1)C,-9.257068278,0.852776787,14
*C(C*)OC(=O)c1ccc(cc1)C,-9.256040935,0.869754943,14
*C(C*)OC(=O)CC(c1ccccc1)(C)C,-9.170201497,1.801736407,17
*C(C*)OC(=O)C(CCC)(C)C,-10.08199431,2.641563964,13
*C(C*)OC(=O)C(C(CC)(C)C)(C)C,-10.01087013,2.441181995,15
*C(C*)OC(=O)C(C(C(C)C)C)(C)C,-10.06011469,2.444783675,15
*C(C*)OC(=O)C(CC(C)(C)C)(C)C,-10.09395183,2.56461804,15
*C(C*)OC(=O)c1cnccc1,-9.950661512,0.497290544,13
*C(C*)OC(=O)c1cc(ccc1)[N+](=O)[O-],-10.35780996,-0.471947429,16
*C(C*)OC(=O)CCCCCCC,-10.26941992,2.670610186,14
*C(C*)OC(C(F)(F)F)(C(F)(F)F)F,-11.61312068,2.898773751,15
*C(C*)OC(=O)CCl,-10.75973369,2.336678118,9
*C(C*)C1=CC=CS1,-8.697526412,1.79489424,9
*C(C*)OCCCl,-10.0746105,2.465178353,8
*C(C*)OCCOC,-9.461428312,2.909317453,9
*C(C*)OCC(F)(F)F,-10.42943459,2.714196665,10
*C(C*)(CC(=O)OCCCCCCC)C(=O)OCCCCCCC,-10.25426886,2.416135722,25
*C(C*)OC(=O)C1CCCC1,-10.14119086,2.48416355,12
*C(C*)OC(=O)C1(CCCCC1)C,-10.07468268,2.587080505,14
*C(C*)P(=O)(c1ccccc1)c1ccccc1,-9.471884165,0.949291644,18
*C(C*)P(=O)(OCC)N(C)C,-9.217918572,2.548836543,12
*C(C*)P(=O)(N(C)C)Oc1ccccc1,-8.94716076,1.687209641,16
*C(C*)c1nc(nc(n1)C)C,-9.937464892,1.129494718,12
*C(C*)OC(=O)CCCCCCCCC,-10.24057434,2.774134639,16
*C(C*)OC(=O)CCCCC,-10.18566518,2.489244413,12
*C1c2c(CC1*)cccc2,-8.757806246,1.88443479,11
*C1C(=O)OC(=O)C1C(C*)OC,-10.40232315,1.696297387,13
*C(C(C(C*)OC)C(=O)O)C(=O)O,-10.07420855,2.419668477,14
*C(=CCCC*)c1ccc(cc1)OC,-7.848634266,1.427031119,15
*C(=CCCC*)c1ccccc1,-8.39157111,1.178997429,13
*C(=CCCC*)c1ccc(cc1)Cl,-8.476290609,0.880532613,14
*C(C*)CNc1ccc(cc1)[N+](=O)[O-],-8.430807263,0.173746113,15
*C(C*)CNc1ncc(cc1)[N+](=O)[O-],-8.696972318,0.016590866,15
*C(C*)CNc1c(cc(cc1)[N+](=O)[O-])C,-8.355737325,0.214616554,16
*C(C*)CNc1cc(c(cc1)[N+](=O)[O-])C(F)(F)F,-8.70270562,-0.06932472,19
*C(C*)CNc1c(cc(cc1)[N+](=O)[O-])[N+](=O)[O-],-8.957113885,-0.662571341,18
*C1C(CC(C1)C*)OC(=O)CCCCCCCCCCOc1ccc(cc1)c1ccc(cc1)C#N,-8.425282809,0.315316033,36
*C1C(CC(C1)OC(=O)CCCCCCCCCCOc1ccc(cc1)c1ccc(cc1)C#N)CC*,-8.440703194,0.299070952,37
*C(C*)N1CNCC1,-8.712743164,2.611056165,9
*C(C*)OCCCCCCCCCCCCCCCCCC,-9.600083662,2.784620277,23
*C(C*)OC(=O)c1ccc(cc1)C#N,-10.00268611,-0.263713023,15
*C(C*)OCC(CC(C)C)(C)C,-9.780344027,2.80879843,13
*C(C(*)(F)F)(OC(C(F)F)F)F,-12.31789227,2.891797115,13
*C(C*)C(=O)c1ccc(cc1)Br,-9.371475962,0.232484005,13
*C(C*)OC(=O)CC1CCCC1,-10.09469464,2.651809425,13
*C(C*)N1C(=O)CCC1,-9.071177508,2.619246326,10
*C(C*)C(=O)O,-10.36403236,2.395389418,7
*C(C*)C(=O)OC,-10.35818339,2.750933434,8
*C(C*)C(=O)OCC,-10.28152463,2.78143746,9
*C(C*)C(=O)OCCC,-10.29897472,2.686702834,10
*C(C*)C(=O)OC(C)C,-10.24118625,2.703110944,10
*C(C*)C(=O)OCCCC,-10.2922787,2.690731929,11
*C(C*)C(=O)OCC(C)C,-10.29809938,2.629079121,11
*C(C*)C(=O)OC(C)(C)C,-10.05359765,2.722776542,11
*C(C*)C(=O)OCCCCCC,-10.28555608,2.653468782,13
*C(C*)C(=O)OCCCCCCC,-10.27811833,2.606608855,14
*C(C*)C(=O)OCCCCCCCC,-10.27809712,2.769457919,15
*C(C*)C(=O)OCCCCCCCCCCCC,-10.28244999,2.706380279,19
*C(C*)C(=O)OCCCCCCCCCCCCCC,-10.35273832,2.623843777,21
*C(C*)C(=O)OCCCCCCCCCCCCCCCC,-10.28502959,2.694856773,23
*C(C*)C(=O)OCCCCCCCCCCCCCCCCCC,-10.31013883,2.576521125,25
*C(C*)C(=O)OCCCCCCCCCCCCCCCCCCCCCC,-10.29320238,2.621588838,29
*C(C*)C(=O)OCC=C,-10.10039334,2.208204406,10
*C(C*)C(=O)OC1C2(CCC(C1)C2(C)C)C,-10.06356042,2.600385048,17
*C(C*)C(=O)OCC(F)(F)F,-10.87851243,2.275074714,12
*C(C*)C(=O)OCC(C(F)(F)F)(F)F,-10.93176089,2.209647112,15
*C(C*)C(=O)OC(C(F)(F)F)C(F)(F)F,-11.1729314,1.799158287,16
*C(C*)C(=O)OC(C(F)(F)F)(C(F)(F)F)F,-11.16918172,1.572733232,17
*C(C*)C(=O)OC(C(Cl)(F)F)(C(F)(F)F)F,-11.167914,1.711300929,17
*C(C*)C(=O)OC(C(Cl)(F)F)(C(Cl)(F)F)F,-11.14223098,1.532525272,17
*C(C*)C(=O)OCC(C(F)C(F)(F)F)(F)F,-10.97762339,2.115648972,17
*C(C*)C(=O)OCC(C(C(F)(F)F)(F)F)(F)F,-10.81075688,2.092163382,18
*C(C*)(C(=O)OC)C,-10.24758396,2.529574408,9
*C(C*)(C(=O)OCC)C,-10.20108749,2.567078873,10
*CC(*)(C)C(=O)OCCC,-10.18741582,2.510643949,11
*CC(*)(C)C(=O)OC(C)C,-10.14009048,2.583038702,11
*C(C*)(C(=O)OCCCC)C,-10.18402268,2.504667438,12
*CC(*)(C)C(=O)OC(C)CC,-10.14002079,2.561596539,12
*CC(*)(C)C(=O)OCC(C)C,-10.19229103,2.50716423,12
*CC(*)(C)C(=O)OC(C)(C)C,-9.958820586,2.506957891,12
*CC(*)(C)C(=O)OCCCCCC,-10.17887272,2.48457155,14
*CC(*)(C)C(=O)OCCCCCCCC,-10.17554227,2.485838833,16
*CC(*)(C)C(=O)OCCCCCCCCCCCC,-10.1749672,2.507964358,20
*CC(*)(C)C(=O)OC1CCCCC1,-10.07639668,2.600007,14
*CC(*)(C)C(=O)Oc1ccccc1,-9.178624213,1.748844702,14
*CC(*)(C)C(=O)OCc1ccccc1,-9.350480316,1.634788942,15
*CC(*)(C)C(=O)OCCBr,-10.16866863,1.984795169,11
*CC(*)(C)C(=O)OCc1ccccc1Cl,-9.3754742,1.260986465,16
*CC(*)(C)C(=O)OCCO,-10.38132747,2.270879718,11
*CC(*)(C)C(=O)OCCN(C)C,-8.657706197,2.524375777,13
*CC(*)C(N)=O,-9.683183118,2.587877405,7
*CC(*)C(=O)NC(C)C,-9.453403198,2.5575108,10
*CC(*)C(=O)OC(CC)CC,-10.24966595,2.699930085,12
*CC(*)C(=O)OC1CCCCC1,-10.09855734,2.417914312,13
*CC(*)C(=O)OCC(C)(C)C,-10.33532844,2.54681731,12
*CC(*)C(=O)OCCC#N,-10.78110137,2.290266942,11
*CC(*)C(=O)N1CCCCC1,-8.953042786,2.63645718,12
*CC(*)C(=O)N1CCOCC1,-9.063637869,2.514390448,12
*CC(*)C(=O)Oc1ccccc1,-9.180378123,1.784478797,13
*CC(*)C(=O)Oc1ccc(OC)cc1,-8.384611817,1.761175385,15
*CC(*)C(=O)Oc1ccccc1C(=O)OC,-9.423141189,0.596844473,17
*CC(*)C(=O)Oc1ccccc1C(=O)OCC,-9.373519423,0.681982882,18
*CC(*)C(=O)Oc1cccc(C(=O)OC)c1,-9.38838505,0.69211749,17
*CC(*)C(=O)Oc1cccc(C(=O)OCC)c1,-9.372354806,0.672451331,18
*CC(*)C(=O)Oc1ccc(C(=O)OC)cc1,-9.367313897,0.730872848,17
*CC(*)C(=O)Oc1ccc(C(=O)OCC)cc1,-9.351267625,0.737902768,18
*CC(*)C(=O)Oc1ccc(C(=O)OCCCC)cc1,-9.353344176,0.729133768,20
*CC(*)C(=O)Oc1ccc(-c2ccccc2)cc1,-8.510979222,1.088519042,19
*CC(*)C(=O)OCc1ccccc1,-9.339409184,1.649610734,14
*CC(*)C(=O)OCCc1ccccc1,-9.160761027,1.812672265,15
*CC(*)C(=O)Oc1cccc(N(C)C)c1,-7.679688096,1.955003455,16
*CC(*)C(=O)Oc1ccc(C#N)cc1,-9.574770521,0.491075333,15
*CC(*)C(=O)OCc1ccc(C#N)cc1,-9.75883761,0.354520604,16
*CC(*)C(=O)Oc1ccc(Cl)cc1Cl,-9.383865139,1.050736107,15
*CC(*)C(=O)Oc1c(Cl)c(Cl)c(Cl)c(Cl)c1Cl,-9.642746402,0.40124743,18
*CC(*)C(=O)N(C)C,-9.103127512,2.607217469,9
*CC(*)(C)C(=O)OCCOC,-9.706467207,2.314897365,12
*CC(*)(C)C(=O)OCC(C)O,-10.1030019,2.272146327,12
*CC(*)(C)C(=O)OCCC#N,-10.74703004,2.055495271,12
*CC(*)(C)C(=O)OCCO[N+](=O)[O-],-10.73165111,0.692716732,14
*CC(*)(C)C(=O)OCCS(=O)CC,-8.762812656,2.132067819,14
*CC(*)(C)C(=O)Oc1ccc(CC#N)cc1,-9.33652469,1.312483192,17
*CC(*)(C)C(=O)Oc1ccc(C(=O)OC)cc1,-9.356371766,0.725258221,18
*CC(*)(CC)C(=O)OCC,-10.19572786,2.576366928,11
*CC(*)(CC(=O)OCC)C(=O)OCC,-10.1485571,2.504431367,15
*CC(*)(CC(=O)OCCCC)C(=O)OCCCC,-10.23964606,2.377459032,19
*CC(*)(CC(=O)OC1CCCCC1)C(=O)OC1CCCCC1,-10.03783101,2.267557796,23
*CC(*)(CC(=O)OCC1CCCCC1)C(=O)OCC1CCCCC1,-10.10783538,2.313186293,25
*CC(*)(CC(=O)OCCC1CCCCC1)C(=O)OCCC1CCCCC1,-10.02656356,2.291162966,27
*CC(*)(CC(=O)OCCCC1CCCCC1)C(=O)OCCCC1CCCCC1,-10.22655391,2.418610339,29
*CC(*)(CC(=O)Oc1ccccc1)C(=O)Oc1ccccc1,-9.212333916,1.593179384,23
*CC(*)(CC(=O)OCc1ccccc1)C(=O)OCc1ccccc1,-8.896202441,1.443457955,25
*CC(*)(CC(=O)OCCc1ccccc1)C(=O)OCCc1ccccc1,-9.025477838,1.53935474,27
*CC(*)(CC(=O)OCCCc1ccccc1)C(=O)OCCCc1ccccc1,-9.042956757,1.679773829,29
*CC(*)(C)C(=O)Oc1ccc(C#N)cc1,-9.565804963,0.487433906,16
*CC(*)(CC(=O)OC)C(=O)OC,-10.32436453,2.382611855,13
*C(*)C(=O)OCC,-10.30957736,2.661361583,8
*C(*)C(=O)OC,-10.36075061,2.73503094,7
*C(*)C(=O)OCCC,-10.29273587,2.748685545,9
*CC(*)(CC(=O)OCCC)C(=O)OCCC,-10.25801798,2.273482444,17
*CC(*)C(=O)OCCO,-10.41252972,2.494257739,10
*CC(*)(CCC(C)C(=O)OC)C(=O)OC,-10.196576,2.540987862,16
*CC(*)C(=O)OC1CCCCCCCCCCC1,-10.1986955,2.752211027,19
*C(C*)Cl,-10.7910293,2.607969835,5
*C(C*)(F)F,-12.03086569,3.060605367,6
*CC(*)(Cl)Cl,-11.09328383,1.925243582,6
*C(F)C(*)(F)F,-12.09592074,3.16476733,7
*C(F)(F)C(F)(F)*,-12.26964882,3.169479714,8
*C(C(*)(F)F)(Cl)F,-11.70590857,2.245505041,8
*CCC=C(*)Cl,-9.451201666,2.155786955,7
*C(F)(F)C(*)(F)C(F)(F)F,-12.62357945,3.044111121,11
*/C(=C/CC*)C,-9.181503312,2.751097159,7
*CC/C=C(\*)C,-9.185116987,2.790784659,7
*CC/C=C(/*)Cl,-9.491743731,2.172294422,7
*CC/C=C(\*)Cl,-9.452094454,2.156690888,7
*CC(*)C=C,-9.621201479,2.832195523,6
*CCC=C(*)C,-9.185203686,2.790853971,7
*OCC*,-10.19829425,2.82097821,5
*OC(C*)C,-10.16372415,2.774979043,6
*CC(CCl)O*,-10.498401,2.582549262,7
*CCCCO*,-10.13048344,2.836765735,7
*Oc1c(cc(cc1C)*)C,-8.319106119,2.137960247,11
*Oc1c(OC)cc(*)cc1OC,-7.857678535,2.379005351,13
*Oc1c(-c2ccccc2)cc(*)cc1-c1ccccc1,-8.255523176,1.025960024,21
*C(=O)OCCOC(=O)c1ccc(*)o1,-9.336760468,0.798588075,15
*CCOCCOC(=O)c1cccc(C(=O)O*)c1,-9.799783607,0.22722437,19
*CCOc1ccc(C(=O)OCCOC(=O)c2ccc(O*)cc2)cc1,-8.763815561,0.940341323,26
*CCCCOc1ccc(C(=O)OCCOC(=O)c2ccc(O*)cc2)cc1,-8.746487916,0.945744277,28
*Oc1ccc(NC(=O)c2cccc(C(=O)Nc3ccc(*)cc3)c2)cc1,-8.014586702,0.31610264,27
*Oc1ccc(cc1)S(=O)(=O)c1ccc(cc1)*,-9.144884041,0.552799522,18
*Oc1ccc(cc1)S(=O)(=O)c1ccc(cc1)Oc1ccc(cc1)C(c1ccc(cc1)*)(C)C,-8.820213524,0.77512993,34
*Oc1ccc(S(=O)(=O)c2ccc(Oc3ccc(Cc4ccc(*)cc4)cc3)cc2)cc1,-8.819603553,0.764521385,32
*Oc1ccc(cc1)C(c1ccc(cc1)OCC(C*)O)(C)C,-8.183126893,1.631294424,23
*CC1CC(*)OC(CCC)O1,-9.896481927,2.758595399,12
*Oc1ccc(cc1)Oc1ccc(cc1)C(=O)c1ccc(cc1)*,-8.179879519,0.303145981,24
*Oc1cccc(S(=O)(=O)c2ccc(*)cc2)c1,-9.144839399,0.394358774,18
*Oc1ccc(S(=O)(=O)c2ccc(Oc3ccc(C(c4ccc(*)cc4)(C(F)(F)F)C(F)(F)F)cc3)cc2)cc1,-8.901293598,0.587227582,40
*Oc1ccc(S(=O)(=O)c2ccc(Oc3c(C)cc(C(C)(C)c4cc(C)c(*)c(C)c4)cc3C)cc2)cc1,-8.676046616,0.776043087,38
*Oc1ccc(S(=O)(=O)c2ccc(Oc3ccc(-c4ccc(*)cc4)cc3)cc2)cc1,-8.683945732,0.7096556,31
*Oc1ccc(Oc2ccc(Oc3ccc(S(=O)(=O)c4ccc(*)cc4)cc3)cc2)cc1,-8.792018369,0.585740635,32
*CCOCC(=O)O*,-9.927214636,2.473043281,9
*CCOCCOC(=O)c1ccc(-c2ccc(C(=O)O*)cc2)cc1,-9.089881513,-0.113901404,25
*Oc1ccc(S(=O)(=O)c2ccc(Oc3ccc(C(=O)c4cccc(C(=O)c5ccc(*)cc5)c4)cc3)cc2)cc1,-8.883116938,-0.154628893,41
*CCCCCCOC(=O)Nc1ccc(C)c(NC(=O)OCCCCCCOc2ccc(-c3ccc(O*)cc3)cc2)c1,-7.622634567,1.446313083,43
*CS*,-9.145269156,2.239818601,4
*CCS*,-9.111088618,2.276846258,5
*CCCSS*,-9.252925714,1.073212108,7
*Sc1ccc(cc1)*,-9.442511901,1.375796974,9
*Oc1ccc(Sc2ccc(OC(*)=O)cc2)cc1,-8.209443755,1.292142022,19
*OC(=O)CCC(=O)OCC*,-10.2838602,2.202027349,12
*CCCCOC(=O)CCC(=O)O*,-10.34690602,2.390376257,14
*OC(=O)CCCCCCCCC(=O)OCC*,-10.29569892,2.497149592,18
*CCCCCCOC(=O)CCCCCCCCC(=O)O*,-10.1382159,2.587927741,22
*OC(=O)c1ccc(cc1)C(=O)OCC*,-9.86940529,-0.056776773,16
*OC(=O)c1cc(ccc1)C(=O)OCC*,-9.883263002,0.314307244,16
*OC(=O)c1ccc(cc1)C(=O)OCCCC*,-9.900562856,-0.062095464,18
*CCCCCCOC(=O)c1ccc(C(=O)O*)cc1,-9.872235514,-0.059713013,20
*Oc1ccc(cc1)C(c1ccc(cc1)OC(=O)c1ccc(cc1)C(=O)*)(C)C,-8.372041147,-0.41005179,29
*Oc1ccc(cc1)C(c1ccc(cc1)OC(=O)c1cc(ccc1)C(=O)*)(C)C,-8.368348927,-0.051060272,29
*OC(=O)c1cc2c(cc1)ccc(c2)C(=O)OCC*,-8.751410488,-0.003381923,20
*OC(=O)c1cc2c(cc1)cc(cc2)C(=O)OCC*,-8.972402017,-0.381874253,20
*CCCCOC(=O)CCCCC(=O)O*,-10.16271074,2.49201838,16
*Oc1ccc(C2(c3ccc(OC(=O)c4cccc(C(*)=O)c4)cc3)c3ccccc3-c3ccccc32)cc1,-8.183044237,-0.002639534,39
*CCOC(=O)c1cccc2c(C(=O)O*)cccc12,-8.665802071,-0.198805781,20
*CCOC(=O)c1ccc(C(=O)O*)c2ccccc12,-8.613538789,-0.315991776,20
*CCCCCC(=O)O*,-10.35921951,2.430940578,10
*CCCOC(=O)c1ccc(C(=O)O*)cc1,-9.875777106,-0.063690815,17
*Oc1ccc(cc1)c1ccc(cc1)OC(=O)CCCCCC(=O)*,-7.977334557,1.456764496,25
*Oc1ccc(-c2ccc(OC(=O)CCCCCCC(*)=O)cc2)cc1,-8.120768214,1.259914999,26
*Oc1ccc(-c2ccc(OC(=O)CCCCCCCC(*)=O)cc2)cc1,-8.125531801,1.259913059,27
*Oc1ccc(-c2ccc(OC(=O)CCCCCCCCC(*)=O)cc2)cc1,-8.145573642,1.141537699,28
*Oc1ccc(-c2ccc(OC(=O)CCCCCCCCCC(*)=O)cc2)cc1,-8.30472338,1.003405309,29
*Oc1c(cc(cc1)OC(=O)c1ccc(cc1)c1ccc(cc1)C(=O)*)C,-8.459542721,-0.279485116,27
*Oc1ccc(cc1)S(=O)(=O)c1ccc(cc1)OC(=O)c1ccc(cc1)C(=O)*,-9.193066337,-0.586805627,29
*Oc1ccc(-c2ccc(OC(=O)CCCCCCCCCCC(*)=O)cc2)cc1,-8.176742065,1.17725327,30
*Oc1ccc(-c2ccc(OC(=O)CCCCCCCCCCCC(*)=O)cc2)cc1,-8.063209711,1.175143317,31
*Oc1ccc(-c2ccc(OC(=O)CCCCCCCCCCCCC(*)=O)cc2)cc1,-8.084421865,1.400699143,32
*CC1CCC(COC(=O)CCC(=O)O*)CC1,-10.32036107,2.401803211,18
*OC(C)CC(*)=O,-9.904613611,1.711796287,8
*OC(C)C(*)=O,-10.3714958,1.221335447,7
*CC(C)(CCC)C(=O)O*,-10.26144329,2.599816784,11
*OC(=O)c1ccc(cc1)c1ccc(cc1)C*,-8.782208799,0.299482376,18
*CC1CCC(COC(=O)CCCCCCCCC(=O)O*)CC1,-10.22657764,2.46035504,24
*OC(=O)c1ccc(cc1)C(=O)NCCNC(=O)c1ccc(cc1)C(=O)OCCCCCCCCCC*,-9.819550037,-0.167613238,38
*CCOC(=O)C1CCC(C(=O)O*)CC1,-10.1803966,2.315351131,16
*OC(=O)c1ccc(cc1)c1ccc(cc1)C(=O)OCC*,-9.01514469,-0.040058732,22
*OC(=O)CCCCCNC(=O)CCCCC(=O)NCCCCCC(=O)OCCCCCC*,-9.695133262,1.776199445,34
*CCCCCCOC(=O)CCCCCCCC(=O)O*,-10.170196,2.527599869,21
*CCCCCCOC(=O)c1ccc(-c2ccc(C(=O)O*)cc2)cc1,-9.01805128,-0.044912584,26
*CC(C)(C)COC(=O)CCC(=O)O*,-10.39449941,2.268205553,15
*Oc1ccc(cc1)C(c1ccc(cc1)OC(=O)CCCCC(=O)*)(C)C,-8.189320445,1.519304677,27
*CCCCCCOC(=O)c1ccc2cc(C(=O)O*)ccc2c1,-8.923720691,-0.376881594,24
*CCCCCOC(=O)c1ccc2cc(C(=O)O*)ccc2c1,-8.962337458,-0.383725455,23
*CCCCOC(=O)c1ccc2cc(C(=O)O*)ccc2c1,-8.960446806,-0.380184021,22
*CCCOC(=O)c1ccc2cc(C(=O)O*)ccc2c1,-8.897389832,-0.348490865,21
*CCCCNC(=O)CCCCC(=O)N*,-9.404649157,2.626332759,16
*NC(=O)CCCCC*,-9.67453851,2.615088761,10
*NC(=O)CCCCC(=O)NCCCCCC*,-9.53230717,2.495673972,18
*NC(=O)CCCCCCCCC(=O)NCCCCCC*,-9.367625182,2.5792359,22
*CCCCCCC(=O)N*,-9.678706359,2.608362492,11
*NC(=O)CCCCCCC*,-9.680520817,2.604672327,12
*CCCCCCCCNC(=O)CCCCCCCCC(=O)N*,-7.464878994,-5.996818221,24
*CCCCCCCCC(=O)N*,-9.678782236,2.602603364,13
*CCCCCCCCCC(=O)N*,-9.683847731,2.601111601,14
*NC(=O)CCCCCCCCCC*,-9.673663929,2.612193976,15
*CCCCCCCCCCCC(=O)N*,-9.678360273,2.606036824,16
*CCCCCCCCCCCCC(=O)N*,-9.672534513,2.613592297,17
*NC(=O)c1ccc(cc1)CC(=O)NCCCCCC*,-9.26369688,0.771063458,21
*NC(=O)c1cc(ccc1)C(=O)Nc1ccc(cc1)c1ccc(cc1)*,-8.093918332,0.335345469,26
*CCCCCCNC(=O)c1cccc(C(=O)N*)c1,-9.594704387,0.616944118,20
*NC(=O)c1ccc(cc1)CC(=O)NCCC*,-9.268963239,0.805330189,18
*NC1CC(C)(C)CC(C)(CNC(=O)CCCCC(*)=O)C1,-9.124707314,1.121530982,22
*Cc1cccc(CNC(=O)CCCCC(=O)N*)c1,-9.311733129,1.371227914,20
*NC(=O)c1ccc(cc1)C(=O)Nc1ccc(cc1)*,-8.598231297,0.148476828,20
*NC(=O)c1ccc(cc1)C(=O)Nc1ccc(cc1)c1ccc(cc1)*,-8.185376719,0.095953883,26
*NC(=O)c1ccc(cc1)C(=O)NCCCCCC*,-9.578360984,0.335603938,20
*CCCCCCCCCNC(=O)c1ccc(C(=O)N*)cc1,-9.581117646,0.339575016,23
*S(=O)(=O)c1ccc(cc1)NC(=O)CCCCC(=O)Nc1ccc(cc1)*,-8.600192877,0.51034335,27
*NC(=O)C*,-9.663639917,2.554522439,6
*NC(CCC(=O)OC)C(*)=O,-9.428620249,1.682821552,12
*C(=O)CCCCCCCCC(=O)N1CCN(*)CC1,-8.886014518,1.727644199,20
*CCCC(=O)N*,-9.678817801,2.599752461,8
*CCCCNC(=O)CCCCCCC(=O)N*,-9.431398139,2.574221941,18
*CCCCNC(=O)CCCCCCCCC(=O)N*,-9.422603616,2.558549464,20
*CCCCCCCCCCCNC(=O)CCCCC(=O)N*,-9.377380025,2.449848666,23
*CCCCCCCCCCCCNC(=O)CCCCCCCCCCC(=O)N*,-8.955810616,1.93774131,30
*NC(=O)c1ccc(cc1)c1ccc(cc1)C(=O)NCCCCCC*,-8.881350476,0.228612995,26
*NC(=O)c1ccc(cc1)C(c1ccc(cc1)C(=O)NCCCCCC*)(C)C,-9.067514394,0.834519138,29
*CCCCCCCCCCC(=O)N(*)C,-9.55301236,2.621389735,16
*N(C(=O)CCCCC(=O)NCCCCCC*)C,-7.594675911,-5.522179378,19
*N(C(=O)CCCCC(=O)N(CCCCCC*)C)C,-9.133731738,2.497837424,20
*N1C(CCC1)C(=O)*,-9.397726596,1.393559646,9
*NC(C(=O)*)CCC(=O)OCc1ccccc1,-9.397963167,1.468158856,18
*NC(C(=O)*)C,-9.401506293,1.567733295,7
*NC1CCC(CC2CCC(NC(=O)CCCCCCCCCCCCC(*)=O)CC2)CC1,-9.138081807,1.759867849,33
*NC(CCC(=O)OCCCCC)C(*)=O,-9.432867758,1.67784626,16
*NC(CCC(=O)OCCCCCC)C(*)=O,-9.499139649,1.573256409,17
*NC(CCC(=O)OCC)C(*)=O,-9.419697073,1.68998195,13
*NC(CCC(=O)OCCC)C(*)=O,-9.430267504,1.679965346,14
*N(C(=O)c1ccc(cc1)C(=O)N(CCCC*)C)C,-9.255838358,0.580744816,20
*CCCCCCNC(=O)c1ccc(C2(C)CC(C)(C)c3ccc(C(=O)N*)cc32)cc1,-9.133643696,0.877497862,32
*OC(=O)NCCCCC*,-9.696999834,2.77707045,11
*OC(=O)NCCCCCCNC(=O)OCCCC*,-9.588851397,1.836330303,20
*OC(=O)NCC(C(C(C(CNC(=O)OCCCC*)(F)F)(F)F)(F)F)(F)F,-10.34118009,1.94494059,28
*OC(=O)Nc1ccc(cc1)Cc1ccc(cc1)NC(=O)OCCCCCC*,-8.21623837,1.580518925,29
*OC(=O)Nc1ccc(cc1)Cc1ccc(cc1)NC(=O)OCc1cc(ccc1)C*,-8.222702103,1.576981173,31
*OC(=O)Nc1ccc(cc1)NC(=O)OCC*,-8.084824202,1.688746397,18
*OC(=O)Nc1cc(ccc1)NC(=O)OCC*,-8.403788754,1.68822905,18
*OC(=O)Nc1ccc(cc1)NC(=O)OCCCCCC*,-8.087839268,1.683945107,22
*OC(=O)Nc1ccc(cc1)c1ccc(cc1)NC(=O)OCC*,-7.910118484,1.115132012,24
*OC(=O)Nc1c2c(ccc1)c(ccc2)NC(=O)OCC*,-7.881642583,0.588244209,22
*NC(=O)NCCCCCC*,-9.536124257,2.347435057,12
*NC(=O)NCc1ccc(cc1)CNC(=O)NCCCCCC*,-8.858607033,1.723317137,24
*NC(=O)NCCCCCCNC(=O)Nc1ccc(cc1)Cc1ccc(cc1)*,-8.087047416,1.753231298,29
*NC(=O)Nc1ccc(cc1)Cc1ccc(cc1)*,-8.168784186,1.751502492,19
*C(CCCCNC(=O)NCCCCCCNC(=O)N*)C(=O)OC,-9.326412378,2.469229721,25
*c1ccc(Oc2ccc(N3C(=O)c4cc5C(=O)N(*)C(=O)c5cc4C3=O)cc2)cc1,-8.560523724,-1.326073128,31
*c1ccc(Oc2ccc(Oc3ccc(N4C(=O)c5cc6C(=O)N(*)C(=O)c6cc5C4=O)cc3)cc2)cc1,-8.547512675,-1.300732387,38
*C(=O)Oc1ccc(OC(=O)c2ccc3c(c2)C(=O)N(c2ccc(Oc4ccc(N5C(=O)c6ccc(*)cc6C5=O)cc4)cc2)C3=O)cc1,-8.349674133,-0.788239414,49
*c1ccc(Sc2ccc(-n3c(=O)c4cc5c(=O)n(*)c(=O)c5cc4c3=O)cc2)cc1,-8.279557813,-1.351234199,31
*n1c(=O)c2cc3c(cc2c1=O)c(=O)n(c3=O)CCCCCCCCC*,-10.27658598,-1.274638199,27
*c1ccc(Oc2ccc(N3C(=O)c4ccc(Oc5ccc6c(c5)C(=O)N(*)C6=O)cc4C3=O)cc2)cc1,-8.433747973,-0.616026454,38
*c1ccc2c(c1)C(=O)N(c1ccc(Cc3ccc(N4C(=O)c5ccc(C(F)(F)C(F)(F)C(*)(F)F)cc5C4=O)cc3)cc1)C2=O,-8.637883028,-0.595092484,46
*c1cc2c(C(=O)N(C2=O)c2ccc(cc2)Oc2ccc(cc2)N2C(=O)c3c(C2=O)cc(cc3)C(C(C(*)(F)F)(F)F)(F)F)cc1,-8.398226332,-0.706105182,46
*c1ccc(Cc2ccc(-n3c(=O)c4cc5c(=O)n(*)c(=O)c5cc4c3=O)c(C)c2)cc1C,-8.879379867,-1.279967322,33
*c1ccc(-c2ccc(-n3c(=O)c4cc5c(=O)n(*)c(=O)c5cc4c3=O)c(C)c2)cc1C,-8.637892094,-1.29769575,32
*c1ccc(-c2ccc(-n3c(=O)c4cc5c(=O)n(*)c(=O)c5cc4c3=O)c(OC)c2)cc1OC,-8.420566447,-1.168018352,34
*c1cccc(N2C(=O)c3cc4C(=O)N(*)C(=O)c4cc3C2=O)c1,-9.280570524,-1.339438628,24
*c1ccc(-n2c(=O)c3cc4c(=O)n(*)c(=O)c4cc3c2=O)c(C)c1,-9.362286081,-1.30712918,25
*c1cccc(-n2c(=O)c3cc4c(=O)n(*)c(=O)c4cc3c2=O)c1C,-9.362522604,-1.307227609,25
*c1c(C)c(C)c(-n2c(=O)c3cc4c(=O)n(*)c(=O)c4cc3c2=O)c(C)c1C,-8.748963652,-1.261083133,28
*c1ccc(Oc2cccc(Oc3ccc(N4C(=O)c5cc6C(=O)N(*)C(=O)c6cc5C4=O)cc3)c2)cc1,-8.472053674,-1.328583224,38
*c1ccc(Oc2ccc(-c3ccc(Oc4ccc(-n5c(=O)c6cc7c(=O)n(*)c(=O)c7cc6c5=O)cc4)cc3)cc2)cc1,-8.140887964,-1.336668303,44
*c1cccc(Oc2ccc(S(=O)(=O)c3ccc(Oc4cccc(-n5c(=O)c6cc7c(=O)n(*)c(=O)c7cc6c5=O)c4)cc3)cc2)c1,-8.826845092,-1.510733918,47
*c1ccc(Oc2ccc(C(C)(C)c3ccc(Oc4ccc(N5C(=O)c6cc7C(=O)N(*)C(=O)c7cc6C5=O)cc4)cc3)cc2)cc1,-8.347253158,-1.287701917,47
*c1ccc(Oc2ccc(N3C(=O)c4ccc(-c5ccc6c(c5)C(=O)N(*)C6=O)cc4C3=O)cc2)cc1,-8.431723255,-0.865257212,37
*c1ccc(Oc2ccc(N3C(=O)c4ccc(-c5cccc6c5C(=O)N(*)C6=O)cc4C3=O)cc2)cc1,-8.353255092,-0.667736986,37
*N1C(=O)c2c(C1=O)cc(cc2)c1cc2c(C(=O)N(C2=O)c2ccc(cc2)Sc2ccc(cc2)*)cc1,-8.166579242,-0.894054801,37
*c1ccc(Cc2ccc(N3C(=O)c4ccc(-c5ccc6c(c5)C(=O)N(*)C6=O)cc4C3=O)cc2)cc1,-8.757433602,-0.85156332,37
*c1ccc2c(c1)Cc1cc(N3C(=O)c4ccc(-c5ccc6c(c5)C(=O)N(*)C6=O)cc4C3=O)ccc1-2,-8.203545949,-0.856970908,37
*N1C(=O)c2c(C1=O)cc(cc2)c1cc2c(C(=O)N(C2=O)c2ccc(cc2)c2ccc(cc2)*)cc1,-8.518180993,-0.873109644,36
*c1ccc(N2C(=O)c3ccc(-c4ccc5c(c4)C(=O)N(*)C5=O)cc3C2=O)cc1,-9.07198602,-0.866962757,30
*c1cccc(N2C(=O)c3ccc(-c4ccc5c(c4)C(=O)N(*)C5=O)cc3C2=O)c1,-9.07126197,-0.867405902,30
*c1ccc(C)c(N2C(=O)c3ccc(-c4ccc5c(c4)C(=O)N(*)C5=O)cc3C2=O)c1,-9.190713063,-0.842717964,31
*c1ccc(N2C(=O)c3ccc(-c4ccc5c(c4)C(=O)N(*)C5=O)cc3C2=O)c(C)c1,-9.189483692,-0.841316582,31
*c1cccc(N2C(=O)c3ccc(-c4ccc5c(c4)C(=O)N(*)C5=O)cc3C2=O)c1C,-9.189502489,-0.841332507,31
*c1ccc(-c2ccc(N3C(=O)c4ccc(-c5ccc6c(c5)C(=O)N(*)C6=O)cc4C3=O)c(C)c2)cc1C,-8.542066168,-0.837811664,38
*c1ccc(-c2ccc(N3C(=O)c4ccc(-c5ccc6c(c5)C(=O)N(*)C6=O)cc4C3=O)c(OC)c2)cc1OC,-8.329095325,-0.747221878,40
*c1ccc(-c2ccc(-c3ccc(N4C(=O)c5ccc(-c6ccc7c(c6)C(=O)N(*)C7=O)cc5C4=O)cc3)cc2)cc1,-8.234877879,-0.87656714,42
*c1cccc2c(N3C(=O)c4ccc(-c5ccc6c(c5)C(=O)N(*)C6=O)cc4C3=O)cccc12,-8.547444029,-0.814609295,34
*c1ccc(Cc2ccc(N3C(=O)c4ccc(-c5ccc6c(c5)C(=O)N(*)C6=O)cc4C3=O)c(C)c2)cc1C,-8.827829153,-0.821844664,39
*c1ccc(N2C(=O)c3ccc(-c4ccc5c(c4)C(=O)N(*)C5=O)cc3C2=O)nc1,-9.384326144,-0.819095808,30
*c1ccc(Oc2ccc(-c3ccc(Oc4ccc(N5C(=O)c6ccc(-c7ccc8c(c7)C(=O)N(*)C8=O)cc6C5=O)cc4)cc3)cc2)cc1,-8.066896823,-0.867890516,50
*N1C(=O)c2c(C1=O)cc(cc2)Oc1cc2c(C(=O)N(C2=O)CCCCCC*)cc1,-9.3435001,-0.535928612,31
*c1ccc(N2C(=O)c3ccc(Oc4ccc5c(c4)C(=O)N(*)C5=O)cc3C2=O)cc1,-9.044807821,-0.529725575,31
*N1C(=O)c2c(C1=O)cc(cc2)Oc1cc2c(C(=O)N(C2=O)c2ccc(cc2)c2ccc(cc2)*)cc1,-8.515144097,-0.626496978,37
*c1cccc(Oc2ccc(N3C(=O)c4ccc(Oc5ccc6c(c5)C(=O)N(*)C6=O)cc4C3=O)cc2)c1,-8.448449264,-0.618504313,38
*c1ccc(Oc2cccc(Oc3ccc(N4C(=O)c5ccc(Oc6ccc7c(c6)C(=O)N(*)C7=O)cc5C4=O)cc3)c2)cc1,-8.346269579,-0.702043401,45
*c1ccc(Oc2ccc(Oc3ccc(N4C(=O)c5ccc(Oc6ccc7c(c6)C(=O)N(*)C7=O)cc5C4=O)cc3)cc2)cc1,-8.331138638,-0.602968093,45
*c1cccc(Oc2ccc(N3C(=O)c4ccc(C(c5ccc6c(c5)C(=O)N(*)C6=O)(C(F)(F)F)C(F)(F)F)cc4C3=O)cc2)c1,-8.490688168,-0.765629348,46
*c1ccc(Oc2ccc(N3C(=O)c4ccc(C(c5ccc6c(c5)C(=O)N(*)C6=O)(C(F)(F)F)C(F)(F)F)cc4C3=O)cc2)cc1,-8.494736203,-0.76227754,46
*c1cc2c(C(=O)N(C2=O)c2cc(ccc2)C(=O)c2cc(ccc2)N2C(=O)c3c(C2=O)cc(cc3)C(=O)*)cc1,-9.206629038,-0.946066945,40
*c1cc2c(C(=O)N(C2=O)c2cc(ccc2)NC(=O)c2cc(ccc2)N2C(=O)c3c(C2=O)cc(cc3)C(=O)*)cc1,-8.535695771,-1.13219964,41
*C(=O)c1ccc2c(c1)C(=O)N(c1cccc(C(=O)Nc3ccc(N4C(=O)c5ccc(*)cc5C4=O)cc3)c1)C2=O,-8.353520182,-1.022108512,41
*C(=O)c1ccc2c(c1)C(=O)N(c1ccc(C(=O)Nc3cccc(N4C(=O)c5ccc(*)cc5C4=O)c3)cc1)C2=O,-8.520736551,-1.049599345,41
*C(=O)c1ccc2c(c1)C(=O)N(c1cccc(C(=O)N(C)c3ccc(N4C(=O)c5ccc(*)cc5C4=O)cc3)c1)C2=O,-8.646873762,-0.922790578,42
*c1cccc(N2C(=O)c3ccc(C(=O)c4ccc5c(c4)C(=O)N(*)C5=O)cc3C2=O)c1,-9.208524976,-1.171606206,32
*C(=O)c1ccc2c(c1)C(=O)N(c1ccc(C)c(N3C(=O)c4ccc(*)cc4C3=O)c1)C2=O,-8.938220765,-0.938533918,33
*C(=O)c1ccc2c(c1)C(=O)N(c1ccc(N3C(=O)c4ccc(*)cc4C3=O)c(C)c1)C2=O,-8.932964682,-0.906629128,33
*C(=O)c1ccc2c(c1)C(=O)N(c1cccc(N3C(=O)c4ccc(*)cc4C3=O)c1C)C2=O,-9.246714854,-0.914595049,33
*C(=O)c1ccc2c(c1)C(=O)N(c1c(C)c(C)c(N3C(=O)c4ccc(*)cc4C3=O)c(C)c1C)C2=O,-8.775462311,-0.894001341,36
*C(=O)c1ccc2c(c1)C(=O)N(c1ccc(-c3ccc(N4C(=O)c5ccc(*)cc5C4=O)c(C)c3)cc1C)C2=O,-8.581173583,-0.921962526,40
*C(=O)c1ccc2c(c1)C(=O)N(c1ccc(-c3ccc(N4C(=O)c5ccc(*)cc5C4=O)c(OC)c3)cc1OC)C2=O,-8.373818054,-0.738568998,42
*C(=O)c1ccc2c(c1)C(=O)N(c1ccc(-c3ccc(-c4ccc(N5C(=O)c6ccc(*)cc6C5=O)cc4)cc3)cc1)C2=O,-8.203739262,-0.966259721,44
*C(=O)c1ccc2c(c1)C(=O)N(c1ccc3c(c1)Cc1cc(N4C(=O)c5ccc(*)cc5C4=O)ccc1-3)C2=O,-8.128158476,-0.939115942,39
*c1ccc(Oc2ccc(N3C(=O)c4ccc(C(=O)c5ccc6c(c5)C(=O)N(*)C6=O)cc4C3=O)cc2)cc1,-8.489282493,-1.138534967,39
*C(=O)c1ccc2c(c1)C(=O)N(c1ccc(Sc3ccc(N4C(=O)c5ccc(*)cc5C4=O)cc3)cc1)C2=O,-8.130574467,-0.966411417,39
*C(=O)c1ccc2c(c1)C(=O)N(c1ccc(Cc3ccc(N4C(=O)c5ccc(*)cc5C4=O)cc3)cc1)C2=O,-8.684402065,-0.92682649,39
*C(=O)c1ccc2c(c1)C(=O)N(c1ccc(Cc3ccc(N4C(=O)c5ccc(*)cc5C4=O)c(C)c3)cc1C)C2=O,-8.853487717,-0.892913476,41
*C(=O)c1ccc2c(c1)C(=O)N(c1ccc(N3C(=O)c4ccc(*)cc4C3=O)nc1)C2=O,-10.09100559,-1.036155025,32
*C(=O)c1ccc2c(c1)C(=O)N(c1ccc(-c3ccc(N4C(=O)c5ccc(*)cc5C4=O)cc3)cc1)C2=O,-8.422059738,-0.96068797,38
*c1ccc(N2C(=O)c3ccc(C(=O)c4ccc5c(c4)C(=O)N(*)C5=O)cc3C2=O)cc1,-9.183645011,-1.143201702,32
*c1cc2c(C(=O)N(C2=O)c2cc(ccc2)OCCOCCOc2cc(ccc2)N2C(=O)c3c(C2=O)cc(cc3)C(=O)*)cc1,-8.555135029,-0.947132731,45
*c1cccc(N2C(=O)c3ccc(Oc4ccc(C(C)(C)c5ccc(Oc6ccc7c(c6)C(=O)N(*)C7=O)cc5)cc4)cc3C2=O)c1,-8.806555218,-0.213864008,47
*N1C(=O)c2c(C1=O)cc(cc2)Oc1ccc(cc1)S(=O)(=O)c1ccc(cc1)Oc1cc2c(C(=O)N(C2=O)c2cc(ccc2)*)cc1,-9.013862664,-0.511461041,47
*c1ccc2c(c1)C(=O)N(c1ccc(Cc3ccc(N4C(=O)c5ccc(C(*)(C(F)(F)F)C(F)(F)F)cc5C4=O)cc3)cc1)C2=O,-8.667702173,-0.601117296,46
*c1ccc2c(c1)C(=O)N(c1ccc(C(C)(C)c3ccc(N4C(=O)c5ccc(C(*)(C(F)(F)F)C(F)(F)F)cc5C4=O)cc3)cc1)C2=O,-8.593604331,-0.584513671,48
*C(=O)NCCNC(=O)c1ccc(N2C(=O)c3ccc(*)cc3C2=O)cc1,-8.853878795,-0.283208669,27
*c1cc2c(C(=O)N(C2=O)c2ccc(cc2)C(=O)NCCCCCCNC(=O)*)cc1,-9.057035513,-0.430275801,31
*C(=O)Nc1ccc(Cc2ccc(NC(=O)c3ccc(N4C(=O)c5ccc(*)cc5C4=O)cc3)cc2)cc1,-8.185788652,-0.49504693,38
*C(=O)NC1CCC(CC2CCC(NC(=O)c3ccc(N4C(=O)c5ccc(*)cc5C4=O)cc3)CC2)CC1,-9.068543887,-0.437925521,38
*c1cccc(N2C(=O)c3ccc(Oc4ccc5c(c4)C(=O)N(*)C5=O)cc3C2=O)c1,-9.03395616,-0.527392981,31
*N1C(=O)c2c(C1=O)cc(cc2)Oc1cc2c(C(=O)N(C2=O)c2ccc(cc2)Cc2ccc(cc2)*)cc1,-8.753798825,-0.601921445,38
*c1cccc(Oc2ccc(N3C(=O)c4ccc(-c5ccc6c(c5)C(=O)N(*)C6=O)cc4C3=O)cc2)c1,-8.450000578,-0.86631032,37
*C(=O)Nc1ccccc1NC(=O)c1ccc(N2C(=O)c3ccc(*)cc3C2=O)cc1,-8.548852658,-0.561472699,31
*C(=O)Nc1cccc(NC(=O)/C=C/c2cccc(N3C(=O)c4ccc(*)cc4C3=O)c2)c1,-8.293906218,-0.531820279,33
*C(=O)Nc1cccc(/C=C/C(=O)/C=C/c2cccc(NC(=O)c3ccc(N4C(=O)c5ccc(*)cc5C4=O)cc3)c2)c1,-8.51886232,-0.590771128,43
*c1ccc2c(c1)C(=O)N(c1ccc(Oc3ccc(N4C(=O)c5ccc(C(C)(C)CCCCC(*)(C)C)cc5C4=O)cc3)cc1)C2=O,-8.229014176,-0.287412955,47
*c1ccc(Oc2cccc3c(Oc4ccc(-n5c(=O)c6cc7c(=O)n(*)c(=O)c7cc6c5=O)cc4)cccc23)cc1,-8.080625809,-1.288878943,42
*N1C(=O)c2c(C1=O)cc(cc2)Oc1cc2c(C(=O)N(C2=O)c2ccc(cc2)Oc2c3c(ccc2)c(ccc3)Oc2ccc(cc2)*)cc1,-8.024337398,-0.669708743,49
*C(=O)c1ccc2c(c1)C(=O)N(c1ccc(Oc3cccc4c(Oc5ccc(N6C(=O)c7ccc(*)cc7C6=O)cc5)cccc34)cc1)C2=O,-8.016396764,-0.848107176,50
*c1ccc(N2C(=O)c3ccc(C(c4ccc5c(c4)C(=O)N(*)C5=O)(C(F)(F)F)C(F)(F)F)cc3C2=O)cc1,-9.183133805,-0.767943139,39
*c1ccc2c(c1)C(=O)N(c1c(C)cc(C)c(N3C(=O)c4ccc(C(*)(C(F)(F)F)C(F)(F)F)cc4C3=O)c1C)C2=O,-9.031791508,-0.570523685,42
*c1ccc2c(c1)C(=O)N(c1c(C)c(C)c(N3C(=O)c4ccc(C(*)(C(F)(F)F)C(F)(F)F)cc4C3=O)c(C)c1C)C2=O,-8.761275788,-0.57212854,43
*c1ccc(Oc2cc3ccccc3cc2Oc2ccc(N3C(=O)c4ccc(-c5ccc6c(c5)C(=O)N(*)C6=O)cc4C3=O)cc2)cc1,-8.247939732,-0.871963236,48
*c1ccc(Oc2cc3ccccc3cc2Oc2ccc(N3C(=O)c4ccc(Oc5ccc6c(c5)C(=O)N(*)C6=O)cc4C3=O)cc2)cc1,-8.245974399,-0.529692283,49
*C(=O)c1ccc2c(c1)C(=O)N(c1ccc(Oc3cc4ccccc4cc3Oc3ccc(N4C(=O)c5ccc(*)cc5C4=O)cc3)cc1)C2=O,-8.356323009,-0.961834522,50
*c1ccc(C(c2ccccc2)(c2ccc(-n3c(=O)c4cc5c(=O)n(*)c(=O)c5cc4c3=O)cc2)C(F)(F)F)cc1,-9.1700851,-1.374434215,41
*c1ccc(N2C(=O)c3ccc(-c4cccc5c4C(=O)N(*)C5=O)cc3C2=O)cc1,-8.959859609,-0.665683144,30
*CC1(C)CC(*)(C)C(=O)OC1=O,-10.48413097,1.40948717,13
*OC(=O)OCCCCCC*,-10.86764459,2.434877515,12
*OC(=O)OCC(C(C(C(C*)(F)F)(F)F)(F)F)(F)F,-11.49527457,2.290257882,20
*Oc1ccc(cc1)C(c1ccc(cc1)OC(=O)*)(C)C,-8.352521926,1.562814499,21
*Oc1ccc(C(C)(CCC)c2ccc(OC(*)=O)cc2)cc1,-8.332481541,1.543513094,23
*Oc1ccc(C(C)(C)c2ccc(OC(*)=O)c(C)c2)cc1C,-8.201946331,1.666276856,23
*Oc1c(Cl)cc(C(C)(C)c2cc(Cl)c(OC(*)=O)c(Cl)c2)cc1Cl,-8.954855936,0.774417587,25
*Oc1c(Br)cc(C(C)(C)c2cc(Br)c(OC(*)=O)c(Br)c2)cc1Br,-8.841146151,0.774076631,25
*Oc1ccc(C(C)(c2ccccc2)c2ccc(OC(*)=O)cc2)cc1,-8.431132404,1.303349702,26
*Oc1ccc(C(CCC)(CCC)c2ccc(OC(*)=O)cc2)cc1,-8.322393525,1.595852155,25
*Oc1ccc(cc1)C1(CCCC1)c1ccc(cc1)OC(=O)*,-8.322513365,1.580294006,23
*Oc1ccc(C2(c3ccc(OC(*)=O)cc3)CCCCC2)cc1,-8.259314209,1.541963379,24
*Oc1ccc(C2(c3ccc(OC(*)=O)c(C)c3)CCCCC2)cc1C,-8.216734113,1.703134278,26
*Oc1ccc(cc1)C1(c2ccccc2c2ccccc12)c1ccc(cc1)OC(=O)*,-8.210881819,0.856360468,31
*Oc1ccc(cc1)C(c1ccc(cc1)OC(=O)*)(c1ccccc1)c1ccccc1,-8.374869821,1.194914499,31
*Oc1ccc(cc1)C(c1ccc(cc1)OC(=O)*)(C(F)(F)F)C(F)(F)F,-8.883901515,1.156658145,27
*Oc1ccc(cc1)C(c1ccc(cc1)OC(=O)*)(c1ccccc1)C#N,-8.764919865,0.928405517,27
*Oc1c(C)cc(C(C)(C)c2cc(C)c(OC(*)=O)c(C)c2)cc1C,-8.085835269,1.829292735,25
*Oc1c(cc(cc1)C(c1ccc(cc1)C(c1cc(c(cc1)OC(=O)*)C)(C)C)(C)C)C,-8.1429668,1.632860591,32
*Oc1cc(ccc1)CCCCCCCCCCc1cc(ccc1)OC(=O)*,-8.406917913,1.539213828,28
*Oc1ccc(C(C)(C)c2ccc(OC(*)=O)c(C(C)C)c2)cc1C(C)C,-8.216388376,1.578127334,27
*Oc1ccc(cc1)C(=O)CCCCCCCCC(=O)c1ccc(cc1)OC(=O)*,-8.757447941,0.551348596,30
*Oc1ccc(cc1)S(=O)(=O)c1ccc(cc1)OC(=O)*,-9.177375527,0.413178399,21
*OC(=O)OCc1ccc(cc1)C*,-9.118748627,1.600557099,14
*Oc1ccc(C(=C(Cl)Cl)c2ccc(OC(*)=O)cc2)cc1,-8.335425177,0.718664732,22
*Oc1ccc(cc1)OC(=O)Oc1ccc(cc1)c1ccc(cc1)OC(=O)*,-8.5716149,0.886740614,28
*Oc1cc2c(cc1)ccc(c2)OC(=O)Oc1ccc(cc1)OC(=O)*,-8.266865036,0.684873023,26
*Oc1c2c(ccc1)c(ccc2)OC(=O)Oc1ccc(cc1)OC(=O)*,-8.088968636,0.776098493,26
*c1ccc(-c2nc3cc(-c4ccc5nc(-c6ccccc6)c(*)nc5c4)ccc3nc2-c2ccccc2)cc1,-8.277859327,-0.458263191,40
*c1ccc(-c2nc3cc(-c4ccc5nc(*)c(-c6ccccc6)nc5c4)ccc3nc2-c2ccccc2)cc1,-8.377749326,-0.411538389,40
*c1cccc(-c2nc3cc(-c4ccc5nc(*)c(-c6ccccc6)nc5c4)ccc3nc2-c2ccccc2)c1,-8.377591354,-0.411842825,40
*c1ccc(-c2nc3cc(-c4ccc5nc(*)c(-c6ccc7ccccc7c6)nc5c4)ccc3nc2-c2ccc3ccccc3c2)cc1,-8.092106765,-0.446476581,48
*c1cccc(-c2nc3cc(-c4ccc5nc(*)c(-c6ccc7ccccc7c6)nc5c4)ccc3nc2-c2ccc3ccccc3c2)c1,-8.094885441,-0.445916684,48
*N=P(*)(OCC(F)(F)F)OCC(F)(F)F,-9.250565952,1.875216142,16
*Oc1ccc(C(=O)c2ccc(*)cc2)cc1,-8.83740931,0.365563259,17
*CCCCCCS(*)(=O)=O,-10.79568755,2.160671754,11
*OS(=O)(=O)c1ccc(*)cc1,-10.21912984,0.566773486,12
*CCc1ccc(*)c(C)c1,-8.837967023,1.989181926,11
*CCc1cc(C)c(*)cc1C,-8.546187763,2.129191733,12
*CCc1ccc(*)c(Cl)c1,-9.1462215,1.576037683,11
*c1ccc(C(Cl)(Cl)C(*)Cl)cc1,-9.671943242,0.751098868,13
*C1CCC(*)C1,-11.13826483,2.83543397,7
*C1C2CC(C)C(C2)C1*,-10.42149102,2.798230293,10
*C1CC2CC1C(*)C2CCCC,-10.31734584,2.768066511,13
*C1CC2CC1C(*)C2CCCCCC,-10.18601273,2.807797901,15
*CC(*)(C)c1ccc2ccccc2c1,-8.172071386,0.896555184,15
*CCC(c1ccccc1)C(*)c1ccccc1,-8.932995565,1.829045068,18
*/C(Cl)=C(/*)c1ccccc1,-8.652450523,0.682460075,11
*/C=C(/*)c1ccc(C#C)cc1,-8.416511811,0.405327145,12
*/C=C(/*)c1cccc(C#C)c1,-8.655754256,0.730294738,12
*/C=C/C(C(=O)OCc1ccc(Cl)cc1)C(*)C(=O)OCc1ccc(Cl)cc1,-8.875712984,1.468661749,28
*/C=C(/*)c1ccc(-c2ccc(C#C)cc2)cc1,-8.132992501,0.204040811,18
*CC(*)C(=O)OCC(C)O,-10.33153086,2.491216627,11
*CC(*)(CC(=O)OCCCCCCCC)C(=O)OCCCCCCCC,-10.12987927,2.181721491,27
*CC(*)(CC(=O)OCCCCCCCCC)C(=O)OCCCCCCCCC,-10.085364,2.085959252,29
*CC(*)C(=O)n1c2ccccc2c2ccccc21,-8.427334997,0.750860519,19
*CC(*)C(=O)OC(OCC)C(F)(F)F,-10.67840351,2.104139967,15
*CC(*)(C)C(=O)OC(OCC)C(F)(F)F,-10.5894133,1.988669013,16
*CC(*)(CC(=O)Oc1ccc(OCCCCCCC)cc1)C(=O)Oc1ccc(OCCCCCCC)cc1,-8.393015987,1.602953921,39
*CC(*)(C)C(=O)Oc1c(C)cccc1C,-9.035947938,1.986005326,16
*CC(*)(C)C(=O)OCCCCCCN(C)c1ccc(/N=N/c2ccc(S(C)(=O)=O)cc2)cc1,-7.602516898,-0.419212138,34
*C([2H])([2H])C(*)(C(=O)OC([2H])([2H])[2H])C([2H])([2H])[2H],-10.24755276,2.53475948,17
*C(*)C(=O)OC(C)C,-10.24517051,2.698004015,9
*CC(*)(C)C(=O)Oc1c(C(C)C)cccc1C(C)C,-8.981933807,1.896007949,20
*CC(*)(C)C(=O)OCC(=O)c1ccccc1,-9.567136018,0.534265058,17
*CC(*)(C)C(=O)OCc1ccc(Cl)c(Cl)c1,-9.362904047,0.998718557,17
*CC(*)(C)C(=O)OCc1cccc(Cl)c1,-9.300889835,1.264625506,16
*CC(*)(C)C(=O)OCc1ccc(Cl)cc1,-9.262353582,1.282491938,16
*CC(*)(C)C(=O)OCc1cccc(Cl)c1Cl,-9.389821445,1.026576274,17
*CC(*)(C)C(=O)OCc1ccc(Cl)cc1Cl,-9.433272503,0.993022743,17
*CC(*)(C)C(=O)OCc1cc(Cl)ccc1Cl,-9.228797537,1.151477677,17
*CC(*)(C)C(=O)OCc1c(Cl)cccc1Cl,-9.541534075,0.919228674,17
*CC(*)(C)C(=O)OCc1cc(Cl)cc(Cl)c1,-9.463857626,0.936741498,17
*/C=C(/*)C(C)(C)C,-9.656746123,2.693859767,8
*C1C(*)C2CC1C1C=CCC12,-9.008534986,2.688645173,12
*/C(C)=C(/*)C(C)C,-9.17914197,2.749511016,8
*OC1C(CO)OC(*)C(O)C1O,-9.980490875,2.493942608,13
*Oc1cc(C)c(*)c(C)c1Br,-8.565031394,1.695254606,12
*CCC(C)CO*,-10.07876287,2.729898592,8
*Oc1ccc2[nH]c(-c3ccc4c(c3)-c3cc(-c5nc6cc(*)ccc6[nH]5)ccc3S4(=O)=O)nc2c1,-8.327361936,-0.59733122,36
*C1Oc2ccccc2C1*,-8.256903449,1.830350406,11
*Oc1ccc2[nH]c(-c3ccc4sc5ccc(-c6nc7cc(*)ccc7[nH]6)cc5c4c3)nc2c1,-7.757129643,0.366610337,34
*OC(F)(F)C(F)(F)C(*)(F)F,-12.37659113,2.205487179,12
*c1ccc(Oc2ccc(C(=O)c3ccc(Oc4ccc(C5(*)OC(=O)c6ccccc65)cc4)cc3)cc2)cc1,-8.761882931,0.37986542,40
*Oc1cccc(Oc2cccc(*)c2)c1C#N,-8.879671977,0.444461161,18
*Oc1ccc(NC(=O)c2ccc(C(c3ccc(C(=O)O)c(C(=O)Nc4cc(*)ccc4N)c3)(C(F)(F)F)C(F)(F)F)cc2C(=O)O)c(N)c1,-8.051273032,-0.017841386,50
*c1ccc2c(c1)-c1nc3cc(Oc4ccc5c(c4)nc4n5C(=O)c5cc(C(*)(C(F)(F)F)C(F)(F)F)ccc5-4)ccc3n1C2=O,-8.316234856,-0.765583886,46
*Oc1ccc(S(=O)(=O)c2ccc(Oc3ccc(C(C)(C)c4ccc(*)cc4)cc3[N+](=O)[O-])cc2)cc1,-8.858477722,-0.354441859,37
*Oc1ccc(S(=O)(=O)c2ccc(Oc3ccc(C(C)(C)c4ccc(*)cc4)cc3)c([N+](=O)[O-])c2)cc1[N+](=O)[O-],-8.803477983,-1.154776475,40
*Oc1ccc(S(=O)(=O)c2ccc(Oc3c(C)cc(C(c4cc(C)c(*)c(C)c4)(C(F)(F)F)C(F)(F)F)cc3C)cc2)cc1,-8.940063425,0.698609182,44
*CC(=C)COCC(=C)COC(=O)O*,-9.786080004,2.105557361,15
*OC1C(COC(C)=O)OC(*)C(OC(C)=O)C1OC(C)=O,-9.785172765,2.173103724,22
*Oc1ccc(SC(=O)Sc2ccc(*)cc2)cc1,-8.69119372,1.027159497,19
*Oc1ccc(SC(=O)Oc2ccc(C(C)(C)c3ccc(OC(=O)Sc4ccc(*)cc4)cc3)cc2)cc1,-8.729754585,1.265855463,38
*OC1C(CO)OC(*)C(N)C1O,-9.349288075,2.316450329,13
*Oc1ccc(S(=O)(=O)c2ccc(Oc3ccc(C(=O)c4cc(Br)cc(C(=O)c5ccc(*)cc5)c4)cc3)cc2)cc1,-9.246451607,-0.546389647,42
*Oc1ccc(S(=O)(=O)c2ccc(Oc3ccc(C(=O)c4cc(I)cc(C(=O)c5ccc(*)cc5)c4)cc3)cc2)cc1,-8.932496981,-0.323990069,42
*Oc1ccc(S(=O)(=O)c2ccc(Oc3ccc(C(=O)c4cc(C(=O)c5ccc(*)cc5)cc(C(C)(C)C)c4)cc3)cc2)cc1,-9.050861578,-0.148471985,45
*Oc1ccc(C(c2ccc(Oc3ccc(C(=O)c4cccc(C(=O)c5ccc(*)cc5)c4)cc3)cc2)(C(F)(F)F)C(F)(F)F)cc1,-8.836742688,-0.067671605,47
*Oc1ccc(C(=O)Nc2cccc(C(O)Cc3ccc(NC(=O)c4ccc(*)cc4)cc3)c2)cc1,-8.185303574,0.704708229,36
*C1(OC(C(C1(C(C(*)(F)F)(F)F)F)(F)F)(F)F)F,-12.40408368,1.904667392,19
*Oc1ccc(Oc2ccc(C(=O)c3ccc(C(=O)c4ccc(*)cc4)c4ccccc34)cc2)cc1,-8.46560824,-0.189722042,36
*Oc1ccc2c(c1)nc1n2C(=O)c2ccc(-c3ccc4c(c3)C(=O)n3c-4nc4ccc(*)cc43)cc2-1,-8.278640738,-0.965245735,37
*Oc1ccc2c(c1)nc1c3cc4c(=O)n5c6cc(*)ccc6nc5c4cc3c(=O)n21,-8.324767472,-1.644484121,31
*c1ccc2c(c1)-c1nc3cc(Oc4ccc5nc6n(c5c4)C(=O)c4cc(C(*)(C(F)(F)F)C(F)(F)F)ccc4-6)ccc3n1C2=O,-8.297291307,-0.729789472,46
*c1ccc(*)s1,-9.064313615,1.758329024,7
*c1ccc2c(c1)-c1cc(-c3nc4cc(-c5ccc6[nH]c(*)nc6c5)ccc4[nH]3)ccc1S2(=O)=O,-8.06811301,-0.359353255,35
*Cc1ccc2[nH]c(-c3ccc4c(c3)-c3cc(-c5nc6cc(*)ccc6[nH]5)ccc3S4(=O)=O)nc2c1,-8.362406483,-0.584707789,36
*c1ccc2sc3ccc(-c4nc5cc(-c6ccc7[nH]c(*)nc7c6)ccc5[nH]4)cc3c2c1,-7.746838144,0.567222096,33
*Cc1ccc2[nH]c(-c3ccc4sc5ccc(-c6nc7cc(*)ccc7[nH]6)cc5c4c3)nc2c1,-7.853890653,0.402179943,34
*c1cc(CCCC)c(*)s1,-8.832348257,1.814915056,11
*Oc1ccc(C(C)(c2ccccc2)c2ccc(OC(=O)c3cccc(C(*)=O)c3)cc2)cc1,-8.402787294,0.007565383,34
*Oc1ccc(C(c2ccccc2)(c2ccccc2)c2ccc(OC(=O)c3cccc(C(*)=O)c3)cc2)cc1,-8.358610469,-0.011201718,39
*Oc1ccc(C(C)(C)c2ccc(OC(=O)c3ccc(C(=O)c4ccc(C(*)=O)cc4)cc3)cc2)cc1,-8.358323939,-0.726130723,37
*CCCCCCCCOC(=O)c1cccc(C(=O)O*)c1,-9.914341122,0.305609642,22
*c1cc(Br)c(OC(=O)c2ccc(C(=O)Oc3c(Br)cc(C4(*)OC(=O)c5ccccc54)cc3Br)cc2)c(Br)c1,-9.42837851,-0.355541558,40
*CCCCCCS(=O)(=O)c1ccc(/N=N/c2ccc(N(C)CCCCCC(=O)O*)cc2)cc1,-7.863313826,-0.629609658,35
*CCCS(=O)(=O)c1ccc(/N=N/c2ccc(N(CCCC)CC(=O)O*)cc2)cc1,-8.411212687,-0.762989572,31
*Oc1ccc(OC(=O)c2cc(OCCCCCCCCCCCC)c(C(*)=O)cc2OCCCCCCCCCCCC)cc1,-8.369428964,-0.239020788,46
*Oc1ccc2c(c1)C1(CC2(C)C)CC(C)(C)c2ccc(OC(=O)c3ccc(C(*)=O)cc3)cc21,-8.290708822,-0.408141545,35
*Oc1ccc2c(c1)C1(CC2(C)C)CC(C)(C)c2ccc(OC(=O)c3cccc(C(*)=O)c3)cc21,-8.342960242,-0.011184327,35
*CCOC(=O)NCC1(C)CC(NC(=O)O*)CC(C)(C)C1,-9.545848292,2.610375652,22
*Oc1ccc(C(C)(C)c2ccc(OC(=O)c3ccccc3/C=C/c3ccc(/C=C/c4ccccc4C(*)=O)cc3)cc2)cc1,-7.829114378,-0.612018967,45
*Oc1ccc(C(C)(C)c2ccc(OC(=O)c3ccccc3/C=C/c3ccc(/C=C/c4ccccc4C(*)=O)cc3)c(C)c2)cc1C,-7.93768035,-0.210875681,47
*Oc1ccc(S(=O)(=O)c2ccc(OC(=O)c3ccccc3/C=C/c3ccc(/C=C/c4ccccc4C(*)=O)cc3)cc2)cc1,-8.308646761,-0.738112132,45
*Oc1cccc2c(OC(=O)c3ccccc3/C=C/c3ccc(/C=C/c4ccccc4C(*)=O)cc3)cccc12,-7.929831397,-0.145266509,40
*Oc1cccc2ccc(OC(=O)c3ccccc3/C=C/c3ccc(/C=C/c4ccccc4C(*)=O)cc3)cc12,-7.773116807,-0.138587634,40
*Oc1ccc2ccc(OC(=O)c3ccccc3/C=C/c3ccc(/C=C/c4ccccc4C(*)=O)cc3)cc2c1,-7.758655526,-0.305121814,40
*Oc1cccc(OC(=O)c2ccccc2/C=C/c2ccc(/C=C/c3ccccc3C(*)=O)cc2)c1,-8.006201631,-0.215084618,36
*Oc1ccccc1OC(=O)c1ccccc1/C=C/c1ccc(/C=C/c2ccccc2C(*)=O)cc1,-7.982383734,-0.258153253,36
*Oc1ccc(OC(=O)c2ccccc2/C=C/c2ccc(/C=C/c3ccccc3C(*)=O)cc2)cc1,-7.951739834,-0.166982051,36
*CCCCCCCCCCCCNC(=O)CCCCCCCCCCCCCCCCCCC(=O)N*,-9.3661055,2.263756901,38
*Nc1ccc(NC(=O)c2cc(C(*)=O)c(C(=O)OCC)cc2C(=O)OCC)cc1,-7.763941828,-0.519399618,30
*Nc1cccc(C(O)Cc2ccc(NC(=O)c3ccc(C(*)=O)cc3)cc2)c1,-7.708703134,-0.37262645,29
*c1ccc2c(c1)-c1nc3cc(-c4ccc5nc6n(c5c4)C(=O)c4cc(C(*)(C(F)(F)F)C(F)(F)F)ccc4-6)ccc3n1C2=O,-8.22802709,-0.82939982,45
*CC(C)CNC(=O)O*,-9.702112562,2.602173857,10
*c1ccc(Oc2cccc(Oc3ccc(N4C(=O)c5ccc(-c6ccc7c(c6)C(=O)N(*)C7=O)cc5C4=O)cc3)c2)cc1,-8.5022415,-0.996179172,44
*c1cccc(N2C(=O)c3ccc(C(c4ccc5c(c4)C(=O)N(*)C5=O)(C(F)(F)F)C(F)(F)F)cc3C2=O)c1,-9.183115178,-0.768038631,39
*c1ccc2c(c1)C(=O)N(c1cccc(S(=O)(=O)c3cccc(N4C(=O)c5ccc(C(*)(C(F)(F)F)C(F)(F)F)cc5C4=O)c3)c1)C2=O,-9.422662716,-0.772413871,48
*c1cc2c(C(=O)N(C2=O)c2ccc(cc2)Oc2ccc(cc2)NC(=O)*)cc1,-8.203894937,-0.315508171,29
*c1ccc(S(=O)(=O)c2ccc(N3C(=O)c4cc5C(=O)N(*)C(=O)c5cc4C3=O)cc2)cc1,-9.581518127,-1.548241544,33
*c1cccc(Oc2ccc(N3C(=O)c4cc5C(=O)N(*)C(=O)c5cc4C3=O)cc2)c1,-8.561430428,-1.325712344,31
*c1ccc(-c2ccc(N3C(=O)c4ccc(-c5ccc6c(c5)C(=O)N(*)C6=O)cc4C3=O)cc2C(F)(F)F)c(C(F)(F)F)c1,-9.29243476,-0.980111954,44
*c1ccc2c(c1)C(=O)N(c1ccc3c(c1)-c1cc(N4C(=O)c5ccc(C(*)(C(F)(F)F)C(F)(F)F)cc5C4=O)ccc1C3)C2=O,-8.322637471,-0.595939078,46
*C(=O)Nc1ccc(NC(=O)c2ccc(N3C(=O)c4ccc(*)cc4C3=O)cc2)cc1,-8.033965547,-0.491324848,31
*c1cccc(Oc2cccc(Oc3cccc(-n4c(=O)c5cc6c(=O)n(*)c(=O)c6cc5c4=O)c3)c2)c1,-8.565278683,-1.419006999,38
*c1ccc(Oc2cccc(Oc3ccc(N4C(=O)c5ccc(C(=O)c6ccc7c(c6)C(=O)N(*)C7=O)cc5C4=O)cc3)c2)cc1,-8.39456452,-1.144919764,46
*c1ccc(Oc2ccc(S(=O)(=O)c3ccc(Oc4ccc(N5C(=O)c6cc7C(=O)N(*)C(=O)c7cc6C5=O)cc4)cc3)cc2)cc1,-8.865526358,-1.49114684,47
*c1ccc(-c2ccc(-n3c(=O)c4cc5c(=O)n(*)c(=O)c5cc4c3=O)cc2C(F)(F)F)c(C(F)(F)F)c1,-9.48502155,-1.474915509,38
*c1ccc(S(=O)(=O)c2ccc(N3C(=O)c4ccc(-c5ccc6c(c5)C(=O)N(*)C6=O)cc4C3=O)cc2)cc1,-9.388130674,-1.046363452,39
*CCCCCCN1C(=O)c2ccc(C(c3ccc4c(c3)C(=O)N(*)C4=O)(C(F)(F)F)C(F)(F)F)cc2C1=O,-10.06002142,-0.725920176,39
*c1ccc2c(c1)C(=O)N(c1c(C)cc(Cc3cc(C)c(N4C(=O)c5ccc(C(*)(C(F)(F)F)C(F)(F)F)cc5C4=O)c(C)c3)cc1C)C2=O,-8.738582297,-0.562053097,50
*c1ccc2c(c1)C(=O)N(c1cc(N3C(=O)c4ccc(C(*)(C(F)(F)F)C(F)(F)F)cc4C3=O)ccc1C)C2=O,-8.926544327,-0.624184969,40
*c1ccc(S(=O)(=O)c2ccc(N3C(=O)c4ccc(C(c5ccc6c(c5)C(=O)N(*)C6=O)(C(F)(F)F)C(F)(F)F)cc4C3=O)cc2)cc1,-9.496926019,-0.976865302,48
*c1ccc(S(=O)(=O)c2ccc(N3C(=O)c4ccc(C(=O)c5ccc6c(c5)C(=O)N(*)C6=O)cc4C3=O)cc2)cc1,-9.49800279,-1.305475454,41
*c1ccc(-c2ccc(-n3c(=O)c4cc5c(=O)n(*)c(=O)c5cc4c3=O)cc2OC(F)(F)F)c(OC(F)(F)F)c1,-9.097676002,-1.468778962,40
*C1CCC(N2C(=O)c3ccc(-c4ccc5c(c4)C(=O)N(*)C5=O)cc3C2=O)CC1,-9.477539666,-0.792632463,30
*c1cc(C(c2ccc(O)c(-n3c(=O)c4cc5c(=O)n(*)c(=O)c5cc4c3=O)c2)(C(F)(F)F)C(F)(F)F)ccc1O,-8.808031249,-1.67924903,41
*c1ccc(C(C)(C)c2ccc(N3C(=O)c4ccc(Oc5ccc6c(c5)C(=O)N(*)C6=O)cc4C3=O)cc2)cc1,-8.708328292,-0.594783426,40
*c1ccc(S(=O)(=O)c2ccc(N3C(=O)c4ccc(Oc5ccc6c(c5)C(=O)N(*)C6=O)cc4C3=O)cc2)cc1,-9.320203735,-0.777355249,40
*C(=O)Nc1cccc(NC(=O)c2ccc(N3C(=O)c4ccc(*)cc4C3=O)cc2)c1,-8.368618978,-0.541494228,31
*C(=O)c1ccc2c(c1)C(=O)N(c1ccc(C(=O)Nc3ccc(N4C(=O)c5ccc(*)cc5C4=O)cc3)cc1)C2=O,-8.342032698,-1.108679024,41
*c1cccc(Oc2ccc(N3C(=O)c4ccc(C(=O)c5ccc6c(c5)C(=O)N(*)C6=O)cc4C3=O)cc2)c1,-8.489506297,-1.138600123,39
*c1ccc(-c2sc(-c3ccc(-n4c(=O)c5cc6c(=O)n(*)c(=O)c6cc5c4=O)cc3)c(-c3ccccc3)c2-c2ccccc2)cc1,-7.977873613,-1.335490956,47
*c1ccc(Oc2c(C)cc(Cc3cc(C)c(Oc4ccc(-n5c(=O)c6cc7c(=O)n(*)c(=O)c7cc6c5=O)cc4)c(C)c3)cc2C)cc1,-8.653785881,-1.311867245,49
*/C=C/C1CC(*)C2C(=O)N(CCCCC)C(=O)C12,-9.823790919,1.344686562,19
*/C=C/C1CC(*)C2C(=O)N(CCCCCC)C(=O)C12,-9.821261254,1.344161349,20
*c1cccc(P(=O)(c2cccc(-n3c(=O)c4cc5c(=O)n(*)c(=O)c5cc4c3=O)c2)c2cc(C(F)(F)F)cc(C(F)(F)F)c2)c1,-9.699617971,-1.575686662,46
*c1cccc(P(=O)(c2ccc(C(F)(F)F)cc2)c2cccc(-n3c(=O)c4cc5c(=O)n(*)c(=O)c5cc4c3=O)c2)c1,-9.58780165,-1.53563867,42
*c1cccc(P(=O)(c2ccccc2)c2cccc(-n3c(=O)c4cc5c(=O)n(*)c(=O)c5cc4c3=O)c2)c1,-9.363725466,-1.456180899,38
*C(=O)Nc1cccc(C#Cc2cccc(N3C(=O)c4ccc(*)cc4C3=O)c2)c1,-8.448866667,-0.458128468,30
*c1ccc(Oc2ccccc2Oc2ccc(-n3c(=O)c4cc5c(=O)n(*)c(=O)c5cc4c3=O)cc2)cc1,-8.461294395,-1.335631867,38
*c1ccc(Oc2ccc(Oc3ccc(-n4c(=O)c5cc6c(=O)n(*)c(=O)c6cc5c4=O)cc3)cc2C(C)(C)C)cc1,-8.358807004,-1.32096179,42
*c1ccc(Oc2ccc(Oc3ccc(-n4c(=O)c5cc6c(=O)n(*)c(=O)c6cc5c4=O)cc3)cc2-c2ccccc2)cc1,-8.437335706,-1.368259319,44
*c1ccc(Oc2cc(C(C)(C)C)ccc2Oc2ccc(-n3c(=O)c4cc5c(=O)n(*)c(=O)c5cc4c3=O)cc2)cc1,-8.381719603,-1.320276597,42
*c1ccc(Oc2ccc(Oc3ccc(N4C(=O)c5ccc(-c6ccc7c(c6)C(=O)N(*)C7=O)cc5C4=O)cc3)cc2)cc1,-8.365389635,-0.854602536,44
*c1ccc(Oc2ccccc2Oc2ccc(N3C(=O)c4ccc(-c5ccc6c(c5)C(=O)N(*)C6=O)cc4C3=O)cc2)cc1,-8.380321304,-0.869746785,44
*c1ccc(Oc2ccc(Oc3ccc(N4C(=O)c5ccc(-c6ccc7c(c6)C(=O)N(*)C7=O)cc5C4=O)cc3)c(C(C)(C)C)c2)cc1,-8.248232108,-0.861174503,48
*c1ccc(Oc2ccc(Oc3ccc(N4C(=O)c5ccc(-c6ccc7c(c6)C(=O)N(*)C7=O)cc5C4=O)cc3)c(-c3ccccc3)c2)cc1,-8.331614682,-0.842379421,50
*c1ccc(Oc2cc(C(C)(C)C)ccc2Oc2ccc(N3C(=O)c4ccc(-c5ccc6c(c5)C(=O)N(*)C6=O)cc4C3=O)cc2)cc1,-8.268485183,-0.857261218,48
*C(=O)c1ccc2c(c1)C(=O)N(c1cc(C(c3ccc(O)c(N4C(=O)c5ccc(*)cc5C4=O)c3)(C(F)(F)F)C(F)(F)F)ccc1O)C2=O,-8.876313818,-1.162067858,49
*c1ccc(Oc2ccc3ccc(Oc4ccc(-n5c(=O)c6cc7c(=O)n(*)c(=O)c7cc6c5=O)cc4)cc3c2)cc1,-8.288492287,-1.310498682,42
*c1cccc(P(=O)(c2ccccc2)c2cccc(-n3c(=O)c4c(-c5ccccc5)c5c(=O)n(*)c(=O)c5c(-c5ccccc5)c4c3=O)c2)c1,-9.024542528,-1.326623076,50
*c1ccc(Oc2ccc(N3C(=O)c4cccc(Oc5cccc6c5C(=O)N(*)C6=O)c4C3=O)cc2)cc1,-8.382259141,-0.450206945,38
*c1ccc(Oc2ccc(N3C(=O)c4ccc(Oc5cccc6c5C(=O)N(*)C6=O)cc4C3=O)cc2)cc1,-8.306545938,-0.678527985,38
*c1ccc(Oc2ccc(Oc3ccc(N4C(=O)c5cccc(Oc6cccc7c6C(=O)N(*)C7=O)c5C4=O)cc3)cc2)cc1,-8.312780912,-0.458795339,45
*c1ccc(Oc2ccc(Oc3ccc(N4C(=O)c5ccc(Oc6cccc7c6C(=O)N(*)C7=O)cc5C4=O)cc3)cc2)cc1,-8.208568211,-0.673085894,45
*c1ccc(Oc2ccc(N3C(=O)C4CCC5C(=O)N(*)C(=O)C5C4C3=O)cc2)cc1,-8.55015268,1.199814859,31
*c1ccc(Cc2ccc(N3C(=O)C4CCC5C(=O)N(*)C(=O)C5C4C3=O)c(C)c2)cc1C,-8.936771891,1.3243461,33
*c1ccc(Oc2ccc(Oc3ccc(N4C(=O)C5CCC6C(=O)N(*)C(=O)C6C5C4=O)cc3)cc2)cc1,-8.600359533,1.143358427,38
*c1ccc(Oc2ccc(C(C)(C)c3ccc(Oc4ccc(N5C(=O)C6CCC7C(=O)N(*)C(=O)C7C6C5=O)cc4)cc3)cc2)cc1,-8.336170515,1.2129196,47
*C(=O)c1ccc2c(c1)C(=O)N(c1c(C)cc(Cc3cc(C)c(N4C(=O)c5ccc(*)cc5C4=O)c(C)c3)cc1C)C2=O,-8.750458237,-0.888678755,43
*C(=O)c1ccc2c(c1)C(=O)N(c1c(CC)cc(Cc3cc(CC)c(N4C(=O)c5ccc(*)cc5C4=O)c(CC)c3)cc1CC)C2=O,-8.811902654,-0.897912561,47
*c1ccc(N2C(=O)c3ccc(Oc4ccc(C(C)(C)c5cccc(Oc6ccc7c(c6)C(=O)N(*)C7=O)c5)cc4)cc3C2=O)cc1,-8.831524521,-0.404184631,47
*CCCCCCCCCCN1C(=O)C2C3C=CC(C4C(=O)N(*)C(=O)C34)C2C1=O,-9.998943307,0.868901963,30
*C1CCC(CC2CCC(N3C(=O)C4C5C=CC(C6C(=O)N(*)C(=O)C56)C4C3=O)CC2)CC1,-9.92652045,0.916399067,33
*C1CCC(CC2CCC(N3C(=O)C4C5C=CC(C6C(=O)N(*)C(=O)C56)C4C3=O)C(C)C2)CC1C,-9.983173742,1.155234453,35
*c1cc(C(c2ccc(O)c(N3C(=O)c4ccc(Oc5ccc6c(c5)C(=O)N(*)C6=O)cc4C3=O)c2)(C(F)(F)F)C(F)(F)F)ccc1O,-8.73265685,-0.891926785,48
*c1ccc(C(C)(C)c2ccc(C(C)(C)c3ccc(N4C(=O)c5ccc(Oc6ccc7c(c6)C(=O)N(*)C7=O)cc5C4=O)cc3)cc2)cc1,-8.526548537,-0.589398233,49
*c1ccc(Sc2ccc(Sc3ccc(Sc4ccc(-n5c(=O)c6cc7c(=O)n(*)c(=O)c7cc6c5=O)cc4)cc3)cc2)cc1,-8.204328717,-1.304123936,45
*c1ccc(Sc2ccc3c(c2)Sc2ccc(Sc4ccc(-n5c(=O)c6cc7c(=O)n(*)c(=O)c7cc6c5=O)cc4)cc2S3)cc1,-8.042007336,-1.410262867,46
*C(=O)Oc1ccc(OC(=O)c2ccc3c(c2)C(=O)N(C2CCC(N4C(=O)c5ccc(*)cc5C4=O)CC2)C3=O)cc1,-9.333876142,-0.720960877,42
*c1ccc(C(=O)Oc2ccc(-n3c(=O)c4cc5c(=O)n(*)c(=O)c5cc4c3=O)cc2)cc1,-9.09996064,-1.352066368,33
*c1ccc(C(=O)Oc2ccc(N3C(=O)c4ccc(-c5ccc6c(c5)C(=O)N(*)C6=O)cc4C3=O)cc2)cc1,-8.926833683,-0.879938706,39
*c1ccc(C(=O)Nc2ccc(-n3c(=O)c4cc5c(=O)n(*)c(=O)c5cc4c3=O)cc2)cc1,-8.543024593,-1.302095295,33
*c1cc(C(c2ccc(O)c(N3C(=O)c4ccc(-c5ccc6c(c5)C(=O)N(*)C6=O)cc4C3=O)c2)(C(F)(F)F)C(F)(F)F)ccc1O,-8.747208296,-1.161114989,47
*c1cccc(N2C(=O)c3ccc(-c4cccc5c4C(=O)N(*)C5=O)cc3C2=O)c1,-8.960623466,-0.665849017,30
*c1ccc(-c2ccc(N3C(=O)c4ccc(-c5cccc6c5C(=O)N(*)C6=O)cc4C3=O)c(C)c2)cc1C,-8.463320193,-0.639426823,38
*c1ccc(-c2ccc(N3C(=O)c4ccc(-c5cccc6c5C(=O)N(*)C6=O)cc4C3=O)cc2C)c(C)c1,-8.766705826,-0.652454727,38
*c1ccc(-c2ccc(N3C(=O)c4ccc(-c5cccc6c5C(=O)N(*)C6=O)cc4C3=O)cc2C(F)(F)F)c(C(F)(F)F)c1,-9.192128408,-0.772028033,44
*c1ccc(Oc2cccc(N3C(=O)c4ccc(-c5cccc6c5C(=O)N(*)C6=O)cc4C3=O)c2)cc1,-8.400377945,-0.694300802,37
*c1ccc(Oc2ccc(Oc3ccc(N4C(=O)c5ccc(-c6cccc7c6C(=O)N(*)C7=O)cc5C4=O)cc3)cc2)cc1,-8.27420169,-0.663599763,44
*c1ccc(Oc2cccc(Oc3ccc(N4C(=O)c5ccc(-c6cccc7c6C(=O)N(*)C7=O)cc5C4=O)cc3)c2)cc1,-8.309360321,-0.683772711,44
*c1cccc(Oc2cccc(Oc3cccc(N4C(=O)c5ccc(-c6cccc7c6C(=O)N(*)C7=O)cc5C4=O)c3)c2)c1,-8.370716369,-0.698659456,44
*OC(C)COC(*)=O,-10.46099947,2.339995485,9
*Oc1ccc2c(c1)C1(CC2(C)C)CC(C)(C)c2ccc(OC(*)=O)cc21,-8.26255174,1.548777332,27
*Oc1ccc(C(C)(C)c2ccc(OC(*)=O)c(CC)c2)cc1CC,-8.218313638,1.554478563,25
*Oc1ccc(C(C)(CCC#N)c2ccc(OC(*)=O)cc2)cc1,-8.605845253,1.249169411,24
*Oc1ccc(C(C)(CCC#N)c2ccc(OC(*)=O)c(C)c2)cc1C,-8.528305029,1.389235327,26
*Oc1ccc(C(CCC)(CCC)c2ccc(OC(*)=O)c(C)c2)cc1C,-8.183681189,1.688906082,27
*Oc1ccc(C(CCCC)(CCCC)c2ccc(OC(*)=O)cc2)cc1,-8.306732627,1.602995313,27
*CCCCCCCCCSC(=O)S*,-9.520934857,1.54081233,15
*CCCCCCCCCCCCSC(=O)S*,-9.525885483,1.542248723,18
*Sc1ccc(Cc2ccc(SC(*)=O)cc2)cc1,-8.352218668,1.085061916,19
*Oc1ccc(C(C)(C)c2ccc(OC(=O)SCCCSC(*)=O)cc2)cc1,-8.303124334,1.189212548,28
*Oc1ccc(C(C)(C)c2ccc(OC(=O)SCCCCCCSC(*)=O)cc2)cc1,-8.410681218,1.387789032,31
*Oc1ccc(C(C)(C)c2ccc(OC(=O)Sc3ccc(C(C)(C)c4ccc(SC(*)=O)cc4)cc3)cc2)cc1,-8.364410505,0.784657228,40
*C1NC(CC1)*,-8.587666057,2.622769062,7
*Nc1ccc(cc1)*,-8.004007055,2.069106775,9
*c1ccc(Cc2ccc(N(*)Cc3ccccc3)cc2)cc1,-7.679573465,1.644978204,23
*Cc1cc(C(C)(C)c2ccc3c(c2)CN(C)CO3)cc(CN(*)C)c1O,-7.80651607,1.768080669,27
*c1ccc(C(c2ccc(-c3nc4cc(-c5ccc6nc(*)[nH]c6c5)ccc4[nH]3)cc2)(C(F)(F)F)C(F)(F)F)cc1,-7.934564297,0.253572582,41
*c1ccc(C(c2ccc(-c3nc4ccc(-c5ccc6nc(*)[nH]c6c5)cc4[nH]3)cc2)(C(F)(F)F)C(F)(F)F)cc1,-7.884157295,0.224698054,41
*c1cccc(S(=O)(=O)NCCCCCCNS(*)(=O)=O)c1,-9.913705136,0.72442445,22
*c1ccc(S(*)(=O)=O)cc1,-10.23510931,0.49246438,11
*Cc1cc(*)c(O)cc1C,-8.218770882,2.047432384,11
